id,ts,country,year,is_train,is_test,actual,prediction,error_abs
1,2025-11-07 17:26:04,Switzerland,2015,1,0,7.587,6.578751577265544,1.0082484227344555
2,2025-11-07 17:26:04,Iceland,2015,1,0,7.561,6.451473781524291,1.1095262184757093
3,2025-11-07 17:26:04,Denmark,2015,0,1,7.527,6.375847482421556,1.1511525175784438
4,2025-11-07 17:26:04,Norway,2015,1,0,7.522,6.585615292514113,0.9363847074858871
5,2025-11-07 17:26:04,Canada,2015,1,0,7.427,6.423287057190731,1.003712942809269
6,2025-11-07 17:26:04,Finland,2015,1,0,7.406,6.3462637209151485,1.0597362790848512
7,2025-11-07 17:26:04,Netherlands,2015,0,1,7.378,6.408770360228315,0.9692296397716849
8,2025-11-07 17:26:04,Sweden,2015,0,1,7.364,6.43898408905369,0.9250159109463096
9,2025-11-07 17:26:04,New Zealand,2015,1,0,7.286,6.316798663704007,0.9692013362959928
10,2025-11-07 17:26:04,Australia,2015,1,0,7.284,6.472587588271042,0.8114124117289574
11,2025-11-07 17:26:04,Israel,2015,0,1,7.278,6.29361246828045,0.9843875317195492
12,2025-11-07 17:26:04,Costa Rica,2015,1,0,7.226,5.817265585925178,1.4087344140748224
13,2025-11-07 17:26:04,Austria,2015,1,0,7.2,6.416475656193972,0.783524343806028
14,2025-11-07 17:26:04,Mexico,2015,1,0,7.187,5.842937823644173,1.344062176355827
15,2025-11-07 17:26:04,United States,2015,1,0,7.119,6.456956989614321,0.6620430103856787
16,2025-11-07 17:26:04,Brazil,2015,1,0,6.983,5.610551745672739,1.372448254327261
17,2025-11-07 17:26:04,Luxembourg,2015,1,0,6.946,6.788390086478005,0.15760991352199483
18,2025-11-07 17:26:04,Ireland,2015,1,0,6.94,6.421960283593224,0.5180397164067765
19,2025-11-07 17:26:04,Belgium,2015,1,0,6.937,6.3830766131436985,0.5539233868563018
20,2025-11-07 17:26:04,United Arab Emirates,2015,1,0,6.901,6.426120171914741,0.47487982808525864
21,2025-11-07 17:26:04,United Kingdom,2015,1,0,6.867,6.341903198336382,0.5250968016636177
22,2025-11-07 17:26:04,Oman,2015,1,0,6.853,6.259143134543187,0.5938568654568126
23,2025-11-07 17:26:04,Venezuela,2015,1,0,6.81,5.737164682725107,1.072835317274893
24,2025-11-07 17:26:04,Singapore,2015,0,1,6.798,6.885999008037341,0.0879990080373414
25,2025-11-07 17:26:04,Panama,2015,1,0,6.786,5.8787800363247635,0.907219963675236
26,2025-11-07 17:26:04,Germany,2015,1,0,6.75,6.405099010222587,0.3449009897774129
27,2025-11-07 17:26:04,Chile,2015,1,0,6.67,6.034650314444976,0.635349685555024
28,2025-11-07 17:26:04,Qatar,2015,1,0,6.611,6.790651191009015,0.1796511910090155
29,2025-11-07 17:26:04,France,2015,0,1,6.575,6.412759794116887,0.16224020588311294
30,2025-11-07 17:26:04,Argentina,2015,0,1,6.574,5.850219445552354,0.7237805544476457
31,2025-11-07 17:26:04,Czech Republic,2015,0,1,6.505,6.118499270343273,0.3865007296567269
32,2025-11-07 17:26:04,Uruguay,2015,0,1,6.485,5.898440642178688,0.5865593578213124
33,2025-11-07 17:26:04,Colombia,2015,1,0,6.477,5.510227658423918,0.9667723415760827
34,2025-11-07 17:26:04,Thailand,2015,0,1,6.455,5.651639945689672,0.8033600543103283
35,2025-11-07 17:26:04,Saudi Arabia,2015,1,0,6.411,6.246969698975171,0.16403030102482852
36,2025-11-07 17:26:04,Spain,2015,1,0,6.329,6.3581754757792055,0.029175475779205762
37,2025-11-07 17:26:04,Malta,2015,1,0,6.302,6.223056190009415,0.07894380999058459
38,2025-11-07 17:26:04,Taiwan,2015,1,0,6.298,6.326708368285949,0.02870836828594925
39,2025-11-07 17:26:04,Kuwait,2015,1,0,6.295,6.484673173871519,0.18967317387151894
40,2025-11-07 17:26:04,Suriname,2015,0,1,6.269,5.498444374097046,0.7705556259029542
41,2025-11-07 17:26:04,Trinidad and Tobago,2015,1,0,6.168,5.822875944914701,0.3451240550852992
42,2025-11-07 17:26:04,El Salvador,2015,0,1,6.13,5.266378448628135,0.8636215513718648
43,2025-11-07 17:26:04,Guatemala,2015,1,0,6.123,5.189316723202398,0.933683276797602
44,2025-11-07 17:26:04,Uzbekistan,2015,1,0,6.003,4.955549166812899,1.047450833187101
45,2025-11-07 17:26:04,Slovakia,2015,0,1,5.995,6.020554028857653,0.02555402885765279
46,2025-11-07 17:26:04,Japan,2015,1,0,5.987,6.470186482242527,0.4831864822425267
47,2025-11-07 17:26:04,South Korea,2015,1,0,5.984,6.393812246295168,0.4098122462951679
48,2025-11-07 17:26:04,Ecuador,2015,1,0,5.975,5.580167855675901,0.3948321443240985
49,2025-11-07 17:26:04,Bahrain,2015,1,0,5.96,6.183042807094402,0.22304280709440238
50,2025-11-07 17:26:04,Italy,2015,0,1,5.948,6.386997874222626,0.4389978742226255
51,2025-11-07 17:26:04,Bolivia,2015,1,0,5.89,4.939220201388984,0.9507797986110154
52,2025-11-07 17:26:04,Moldova,2015,1,0,5.889,4.931060507577763,0.9579394924222369
53,2025-11-07 17:26:04,Paraguay,2015,1,0,5.878,5.23509698676741,0.6429030132325897
54,2025-11-07 17:26:04,Kazakhstan,2015,1,0,5.855,5.736216325704316,0.1187836742956847
55,2025-11-07 17:26:05,Slovenia,2015,0,1,5.848,6.169821866679923,0.3218218666799233
56,2025-11-07 17:26:05,Lithuania,2015,0,1,5.833,5.902859685471913,0.06985968547191312
57,2025-11-07 17:26:05,Nicaragua,2015,0,1,5.828,5.115697832190902,0.7123021678090984
58,2025-11-07 17:26:05,Peru,2015,1,0,5.824,5.542283023239973,0.28171697676002694
59,2025-11-07 17:26:05,Belarus,2015,1,0,5.813,5.742493598315663,0.07050640168433642
60,2025-11-07 17:26:05,Poland,2015,1,0,5.791,5.942643773811762,0.1516437738117613
61,2025-11-07 17:26:05,Malaysia,2015,0,1,5.77,5.859401388542402,0.08940138854240232
62,2025-11-07 17:26:05,Croatia,2015,1,0,5.759,5.893620688337641,0.13462068833764107
63,2025-11-07 17:26:05,Libya,2015,1,0,5.754,5.838910314620881,0.08491031462088117
64,2025-11-07 17:26:05,Russia,2015,0,1,5.716,5.796341364440104,0.08034136444010365
65,2025-11-07 17:26:05,Jamaica,2015,1,0,5.709,5.347966488961507,0.36103351103849235
66,2025-11-07 17:26:05,North Cyprus,2015,0,1,5.695,6.278279391073939,0.5832793910739387
67,2025-11-07 17:26:05,Cyprus,2015,0,1,5.689,6.278381092715844,0.5893810927158443
68,2025-11-07 17:26:05,Algeria,2015,0,1,5.605,5.4311325699616715,0.17386743003832894
69,2025-11-07 17:26:05,Kosovo,2015,1,0,5.589,5.2513031259203595,0.3376968740796409
70,2025-11-07 17:26:05,Turkmenistan,2015,0,1,5.548,5.341363968957527,0.20663603104247308
71,2025-11-07 17:26:05,Mauritius,2015,0,1,5.477,5.667494701209444,0.19049470120944356
72,2025-11-07 17:26:05,Hong Kong,2015,1,0,5.474,6.670799613288203,1.1967996132882028
73,2025-11-07 17:26:05,Estonia,2015,0,1,5.429,5.972603588621656,0.5436035886216555
74,2025-11-07 17:26:05,Indonesia,2015,0,1,5.399,5.300093390614313,0.09890660938568718
75,2025-11-07 17:26:05,Vietnam,2015,1,0,5.36,5.177633453850186,0.1823665461498143
76,2025-11-07 17:26:05,Turkey,2015,1,0,5.332,5.778205578184011,0.44620557818401085
77,2025-11-07 17:26:05,Kyrgyzstan,2015,0,1,5.286,4.805120310837954,0.4808796891620455
78,2025-11-07 17:26:05,Nigeria,2015,0,1,5.268,4.334045581613575,0.933954418386425
79,2025-11-07 17:26:05,Bhutan,2015,0,1,5.253,5.120712248267245,0.13228775173275498
80,2025-11-07 17:26:05,Azerbaijan,2015,0,1,5.212,5.588067820024307,0.37606782002430705
81,2025-11-07 17:26:05,Pakistan,2015,1,0,5.194,4.777783757448485,0.41621624255151524
82,2025-11-07 17:26:05,Jordan,2015,0,1,5.192,5.494455947748435,0.30245594774843454
83,2025-11-07 17:26:05,Montenegro,2015,1,0,5.192,5.642667807690916,0.4506678076909161
84,2025-11-07 17:26:05,China,2015,1,0,5.14,5.656647788010995,0.516647788010995
85,2025-11-07 17:26:05,Zambia,2015,0,1,5.129,4.27451601856424,0.8544839814357594
86,2025-11-07 17:26:05,Romania,2015,1,0,5.124,5.808239928446472,0.6842399284464724
87,2025-11-07 17:26:05,Serbia,2015,0,1,5.123,5.598989156971934,0.47598915697193345
88,2025-11-07 17:26:05,Portugal,2015,1,0,5.102,6.136115097135559,1.034115097135559
89,2025-11-07 17:26:05,Latvia,2015,1,0,5.098,5.842986486378814,0.7449864863788145
90,2025-11-07 17:26:05,Philippines,2015,1,0,5.073,5.036684015658088,0.03631598434191208
91,2025-11-07 17:26:05,Somaliland region,2015,0,1,5.057,4.073169034662036,0.9838309653379644
92,2025-11-07 17:26:05,Morocco,2015,1,0,5.013,5.121896723716919,0.10889672371691894
93,2025-11-07 17:26:05,Macedonia,2015,1,0,5.007,5.576781927947703,0.5697819279477034
94,2025-11-07 17:26:05,Mozambique,2015,1,0,4.971,3.4014116248322983,1.5695883751677018
95,2025-11-07 17:26:05,Albania,2015,1,0,4.959,5.635041187726955,0.6760411877269554
96,2025-11-07 17:26:05,Bosnia and Herzegovina,2015,1,0,4.949,5.5340703511284595,0.5850703511284596
97,2025-11-07 17:26:05,Lesotho,2015,1,0,4.898,3.8035142672727567,1.094485732727243
98,2025-11-07 17:26:05,Dominican Republic,2015,0,1,4.885,5.442844225469383,0.557844225469383
99,2025-11-07 17:26:05,Laos,2015,1,0,4.876,4.8222515869930715,0.053748413006928786
100,2025-11-07 17:26:05,Mongolia,2015,1,0,4.874,5.247354971159625,0.37335497115962557
101,2025-11-07 17:26:05,Swaziland,2015,1,0,4.867,4.291881704675763,0.5751182953242369
102,2025-11-07 17:26:05,Greece,2015,0,1,4.857,6.137975972348595,1.2809759723485952
103,2025-11-07 17:26:05,Lebanon,2015,1,0,4.839,5.88771300096222,1.0487130009622199
104,2025-11-07 17:26:05,Hungary,2015,1,0,4.8,5.906119289674548,1.106119289674548
105,2025-11-07 17:26:05,Honduras,2015,1,0,4.788,5.046989835175156,0.2589898351751554
106,2025-11-07 17:26:05,Tajikistan,2015,1,0,4.786,4.568272272956926,0.21772772704307375
107,2025-11-07 17:26:05,Tunisia,2015,1,0,4.739,5.526175464751619,0.7871754647516189
108,2025-11-07 17:26:05,Palestinian Territories,2015,1,0,4.715,4.999682644590893,0.28468264459089276
109,2025-11-07 17:26:06,Bangladesh,2015,0,1,4.694,4.620104871368857,0.07389512863114334
110,2025-11-07 17:26:06,Iran,2015,0,1,4.686,5.652130747869975,0.9661307478699754
111,2025-11-07 17:26:06,Ukraine,2015,1,0,4.681,5.311366302341726,0.6303663023417263
112,2025-11-07 17:26:06,Iraq,2015,1,0,4.677,5.475430312628509,0.7984303126285095
113,2025-11-07 17:26:06,South Africa,2015,1,0,4.642,4.895092469466443,0.25309246946644226
114,2025-11-07 17:26:06,Ghana,2015,1,0,4.633,4.536160527633643,0.09683947236635682
115,2025-11-07 17:26:06,Zimbabwe,2015,1,0,4.61,4.037851009108413,0.5721489908915869
116,2025-11-07 17:26:06,Liberia,2015,1,0,4.571,3.758403397192872,0.8125966028071279
117,2025-11-07 17:26:06,India,2015,1,0,4.565,4.850729001593094,0.28572900159309356
118,2025-11-07 17:26:06,Sudan,2015,1,0,4.55,4.451973799188391,0.09802620081160907
119,2025-11-07 17:26:06,Haiti,2015,0,1,4.518,4.111841932170509,0.40615806782949093
120,2025-11-07 17:26:06,Congo (Kinshasa),2015,1,0,4.517,3.290782894081324,1.2262171059186762
121,2025-11-07 17:26:06,Nepal,2015,0,1,4.514,4.516420633010819,0.00242063301081874
122,2025-11-07 17:26:06,Ethiopia,2015,1,0,4.512,4.079169491878583,0.432830508121417
123,2025-11-07 17:26:06,Sierra Leone,2015,1,0,4.507,3.624195463714568,0.8828045362854318
124,2025-11-07 17:26:06,Mauritania,2015,1,0,4.436,4.339642805387733,0.096357194612267
125,2025-11-07 17:26:06,Kenya,2015,1,0,4.419,4.292829563338901,0.1261704366610985
126,2025-11-07 17:26:06,Djibouti,2015,1,0,4.369,4.325789088511888,0.04321091148811185
127,2025-11-07 17:26:06,Armenia,2015,1,0,4.35,5.3501287782557085,1.000128778255709
128,2025-11-07 17:26:06,Botswana,2015,1,0,4.332,4.659203161599401,0.3272031615994013
129,2025-11-07 17:26:06,Myanmar,2015,1,0,4.307,4.258472871845494,0.04852712815450655
130,2025-11-07 17:26:06,Georgia,2015,1,0,4.297,5.310948079748978,1.0139480797489782
131,2025-11-07 17:26:06,Malawi,2015,1,0,4.292,3.504512245825599,0.7874877541744008
132,2025-11-07 17:26:06,Sri Lanka,2015,0,1,4.271,5.414912000019383,1.143912000019383
133,2025-11-07 17:26:06,Cameroon,2015,0,1,4.252,4.107589849628217,0.14441015037178317
134,2025-11-07 17:26:06,Bulgaria,2015,0,1,4.218,5.759181578897733,1.5411815788977332
135,2025-11-07 17:26:06,Egypt,2015,1,0,4.194,5.3468003371949475,1.1528003371949476
136,2025-11-07 17:26:06,Yemen,2015,0,1,4.077,4.536467525899695,0.4594675258996954
137,2025-11-07 17:26:06,Angola,2015,0,1,4.033,4.494408539596062,0.46140853959606165
138,2025-11-07 17:26:06,Mali,2015,0,1,3.995,3.8304890610668694,0.16451093893313073
139,2025-11-07 17:26:06,Congo (Brazzaville),2015,1,0,3.989,4.593946161851194,0.6049461618511938
140,2025-11-07 17:26:06,Comoros,2015,1,0,3.956,4.033842319604581,0.07784231960458099
141,2025-11-07 17:26:06,Uganda,2015,0,1,3.931,3.9564695471015616,0.025469547101561574
142,2025-11-07 17:26:06,Senegal,2015,1,0,3.904,4.32464587169892,0.42064587169891965
143,2025-11-07 17:26:06,Gabon,2015,1,0,3.896,5.332267685575755,1.4362676855757552
144,2025-11-07 17:26:06,Niger,2015,1,0,3.845,3.6887005192368623,0.15629948076313793
145,2025-11-07 17:26:06,Cambodia,2015,1,0,3.819,4.725600283534403,0.9066002835344031
146,2025-11-07 17:26:06,Tanzania,2015,0,1,3.781,4.129241963507644,0.3482419635076437
147,2025-11-07 17:26:06,Madagascar,2015,1,0,3.681,4.144408227158584,0.46340822715858376
148,2025-11-07 17:26:06,Central African Republic,2015,1,0,3.678,3.3584518533459664,0.3195481466540335
149,2025-11-07 17:26:06,Chad,2015,0,1,3.667,3.8652531292579573,0.19825312925795746
150,2025-11-07 17:26:06,Guinea,2015,1,0,3.656,3.7558574768727873,0.09985747687278712
151,2025-11-07 17:26:06,Ivory Coast,2015,1,0,3.655,4.047165573036108,0.3921655730361082
152,2025-11-07 17:26:06,Burkina Faso,2015,1,0,3.587,3.9243433253828117,0.33734332538281153
153,2025-11-07 17:26:06,Afghanistan,2015,1,0,3.575,4.061905838946545,0.48690583894654527
154,2025-11-07 17:26:06,Rwanda,2015,1,0,3.465,4.106937716487996,0.6419377164879965
155,2025-11-07 17:26:06,Benin,2015,1,0,3.34,4.037225831386214,0.6972258313862145
156,2025-11-07 17:26:06,Syria,2015,0,1,3.006,5.1856639469784795,2.1796639469784798
157,2025-11-07 17:26:06,Burundi,2015,1,0,2.905,3.5009590196080986,0.5959590196080988
158,2025-11-07 17:26:06,Togo,2015,1,0,2.839,3.8721883823762484,1.0331883823762484
159,2025-11-07 17:26:06,Denmark,2016,0,1,7.526,6.4259883827120685,1.1000116172879313
160,2025-11-07 17:26:06,Switzerland,2016,1,0,7.509,6.651779697516668,0.8572203024833325
161,2025-11-07 17:26:06,Iceland,2016,1,0,7.501,6.511937368296087,0.9890626317039137
162,2025-11-07 17:26:06,Norway,2016,1,0,7.498,6.624205785766665,0.8737942142333353
163,2025-11-07 17:26:06,Finland,2016,1,0,7.413,6.397666438544137,1.0153335614558632
164,2025-11-07 17:26:06,Canada,2016,1,0,7.404,6.472226668869935,0.9317733311300653
165,2025-11-07 17:26:06,Netherlands,2016,0,1,7.339,6.485040488964179,0.8539595110358214
166,2025-11-07 17:26:06,New Zealand,2016,0,1,7.334,6.3617530923550945,0.9722469076449052
167,2025-11-07 17:26:06,Australia,2016,1,0,7.313,6.5136757399756835,0.7993242600243162
168,2025-11-07 17:26:07,Sweden,2016,1,0,7.291,6.49455636593563,0.7964436340643708
169,2025-11-07 17:26:07,Israel,2016,0,1,7.267,6.35552123750301,0.9114787624969907
170,2025-11-07 17:26:07,Austria,2016,1,0,7.119,6.4543220615444294,0.6646779384555703
171,2025-11-07 17:26:07,United States,2016,1,0,7.104,6.4981950586970925,0.6058049413029076
172,2025-11-07 17:26:07,Costa Rica,2016,1,0,7.087,5.833949282072521,1.2530507179274784
173,2025-11-07 17:26:07,Puerto Rico,2016,1,0,7.039,6.2802788875398186,0.7587211124601811
174,2025-11-07 17:26:07,Germany,2016,1,0,6.994,6.464439205926734,0.5295607940732658
175,2025-11-07 17:26:07,Brazil,2016,0,1,6.952,5.64128229223066,1.3107177077693404
176,2025-11-07 17:26:07,Belgium,2016,1,0,6.929,6.438824598497952,0.4901754015020483
177,2025-11-07 17:26:07,Ireland,2016,1,0,6.907,6.515596877424285,0.3914031225757153
178,2025-11-07 17:26:07,Luxembourg,2016,1,0,6.871,6.8727567445171625,0.0017567445171620122
179,2025-11-07 17:26:07,Mexico,2016,1,0,6.778,5.826516937295475,0.9514830627045248
180,2025-11-07 17:26:07,Singapore,2016,1,0,6.739,6.949175651159497,0.21017565115949743
181,2025-11-07 17:26:07,United Kingdom,2016,1,0,6.725,6.391597036601482,0.3334029633985178
182,2025-11-07 17:26:07,Chile,2016,0,1,6.705,6.134488397043894,0.5705116029561061
183,2025-11-07 17:26:07,Panama,2016,1,0,6.701,5.920685849975875,0.7803141500241244
184,2025-11-07 17:26:07,Argentina,2016,1,0,6.65,5.857864676444983,0.7921353235550175
185,2025-11-07 17:26:07,Czech Republic,2016,1,0,6.596,6.186597167293275,0.40940283270672495
186,2025-11-07 17:26:07,United Arab Emirates,2016,1,0,6.573,6.520192837990548,0.05280716200945257
187,2025-11-07 17:26:07,Uruguay,2016,1,0,6.545,5.9386443800913185,0.6063556199086815
188,2025-11-07 17:26:07,Malta,2016,1,0,6.488,6.243467333259568,0.24453266674043217
189,2025-11-07 17:26:07,Colombia,2016,1,0,6.481,5.531934403696614,0.9490655963033863
190,2025-11-07 17:26:07,France,2016,1,0,6.478,6.421905534558599,0.05609446544140084
191,2025-11-07 17:26:07,Thailand,2016,1,0,6.474,5.696088344076834,0.777911655923166
192,2025-11-07 17:26:07,Saudi Arabia,2016,1,0,6.379,6.193259817416262,0.18574018258373748
193,2025-11-07 17:26:07,Taiwan,2016,0,1,6.379,6.362260349993171,0.0167396500068282
194,2025-11-07 17:26:07,Qatar,2016,0,1,6.375,6.865543731777246,0.49054373177724564
195,2025-11-07 17:26:07,Spain,2016,1,0,6.361,6.407068113834358,0.04606811383435794
196,2025-11-07 17:26:07,Algeria,2016,1,0,6.355,5.596412918091453,0.7585870819085478
197,2025-11-07 17:26:07,Guatemala,2016,0,1,6.324,5.163592503294813,1.1604074967051865
198,2025-11-07 17:26:07,Suriname,2016,1,0,6.269,5.498344902482566,0.7706550975174338
199,2025-11-07 17:26:07,Kuwait,2016,1,0,6.239,6.442883373618232,0.20388337361823172
200,2025-11-07 17:26:07,Bahrain,2016,0,1,6.218,6.217621248489208,0.00037875151079180824
201,2025-11-07 17:26:07,Trinidad and Tobago,2016,1,0,6.168,5.85585602624157,0.31214397375843017
202,2025-11-07 17:26:07,Venezuela,2016,1,0,6.084,5.715603603444446,0.36839639655555345
203,2025-11-07 17:26:07,Slovakia,2016,1,0,6.078,6.0541493821402526,0.023850617859747736
204,2025-11-07 17:26:07,El Salvador,2016,1,0,6.068,5.30350347578357,0.7644965242164297
205,2025-11-07 17:26:07,Malaysia,2016,0,1,6.005,5.893577159557669,0.11142284044233097
206,2025-11-07 17:26:07,Nicaragua,2016,1,0,5.992,5.125980810147157,0.8660191898528433
207,2025-11-07 17:26:07,Uzbekistan,2016,1,0,5.987,4.96243287436404,1.0245671256359605
208,2025-11-07 17:26:07,Italy,2016,1,0,5.977,6.383403274958868,0.4064032749588673
209,2025-11-07 17:26:07,Ecuador,2016,0,1,5.976,5.582410284835868,0.3935897151641319
210,2025-11-07 17:26:07,Belize,2016,0,1,5.956,5.097618857388326,0.8583811426116741
211,2025-11-07 17:26:07,Japan,2016,0,1,5.921,6.515276420154061,0.5942764201540607
212,2025-11-07 17:26:07,Kazakhstan,2016,0,1,5.919,5.7872854779583776,0.13171452204162204
213,2025-11-07 17:26:07,Moldova,2016,0,1,5.897,4.930338814841667,0.9666611851583333
214,2025-11-07 17:26:07,Russia,2016,0,1,5.856,5.815386077978243,0.040613922021757176
215,2025-11-07 17:26:07,Poland,2016,1,0,5.835,5.98538466819301,0.1503846681930101
216,2025-11-07 17:26:07,South Korea,2016,0,1,5.835,6.442875722127763,0.6078757221277629
217,2025-11-07 17:26:07,Bolivia,2016,1,0,5.822,4.999484342213121,0.8225156577868793
218,2025-11-07 17:26:07,Lithuania,2016,1,0,5.813,5.953863848155494,0.1408638481554947
219,2025-11-07 17:26:07,Belarus,2016,0,1,5.802,5.72908625430175,0.0729137456982496
220,2025-11-07 17:26:07,North Cyprus,2016,1,0,5.771,6.305813704347422,0.5348137043474219
221,2025-11-07 17:26:07,Slovenia,2016,0,1,5.768,6.21395926167823,0.4459592616782304
222,2025-11-07 17:26:07,Peru,2016,1,0,5.743,5.5318864148617894,0.21111358513821088
223,2025-11-07 17:26:07,Turkmenistan,2016,1,0,5.658,5.370688125787647,0.28731187421235305
224,2025-11-07 17:26:07,Mauritius,2016,1,0,5.648,5.7941727357002755,0.14617273570027578
225,2025-11-07 17:26:07,Libya,2016,1,0,5.615,5.4752542147957675,0.13974578520423275
226,2025-11-07 17:26:07,Latvia,2016,1,0,5.56,5.868523797262101,0.3085237972621018
227,2025-11-07 17:26:07,Cyprus,2016,1,0,5.546,6.327233400493853,0.7812334004938526
228,2025-11-07 17:26:07,Paraguay,2016,0,1,5.538,5.313123268031445,0.22487673196855518
229,2025-11-07 17:26:07,Romania,2016,1,0,5.528,5.853012234097445,0.3250122340974455
230,2025-11-07 17:26:07,Estonia,2016,1,0,5.517,6.0201463542746225,0.5031463542746222
231,2025-11-07 17:26:07,Jamaica,2016,1,0,5.51,5.330067917180351,0.1799320828196489
232,2025-11-07 17:26:07,Croatia,2016,0,1,5.488,5.9210265351721665,0.43302653517216605
233,2025-11-07 17:26:07,Hong Kong,2016,1,0,5.458,6.76158468299017,1.30358468299017
234,2025-11-07 17:26:08,Somalia,2016,1,0,5.44,3.315563839826369,2.1244361601736315
235,2025-11-07 17:26:08,Kosovo,2016,0,1,5.401,5.260222541207808,0.14077745879219172
236,2025-11-07 17:26:08,Turkey,2016,0,1,5.389,5.803014303674059,0.4140143036740591
237,2025-11-07 17:26:08,Indonesia,2016,1,0,5.314,5.2632126641809105,0.05078733581908956
238,2025-11-07 17:26:08,Jordan,2016,1,0,5.303,5.498851623827674,0.19585162382767418
239,2025-11-07 17:26:08,Azerbaijan,2016,1,0,5.291,5.590692694081087,0.29969269408108623
240,2025-11-07 17:26:08,Philippines,2016,0,1,5.279,5.026548815476335,0.25245118452366455
241,2025-11-07 17:26:08,China,2016,1,0,5.245,5.735806101062497,0.4908061010624971
242,2025-11-07 17:26:08,Bhutan,2016,1,0,5.196,5.1260837741295475,0.06991622587045221
243,2025-11-07 17:26:08,Kyrgyzstan,2016,1,0,5.185,4.786406806809508,0.398593193190492
244,2025-11-07 17:26:08,Serbia,2016,1,0,5.177,5.611280638802662,0.43428063880266254
245,2025-11-07 17:26:08,Bosnia and Herzegovina,2016,0,1,5.163,5.557554367016817,0.39455436701681634
246,2025-11-07 17:26:08,Montenegro,2016,1,0,5.161,5.659592004192875,0.49859200419287575
247,2025-11-07 17:26:08,Dominican Republic,2016,1,0,5.155,5.498667567897023,0.3436675678970227
248,2025-11-07 17:26:08,Morocco,2016,0,1,5.151,5.253458322163076,0.10245832216307615
249,2025-11-07 17:26:08,Hungary,2016,1,0,5.145,5.957302400315532,0.8123024003155326
250,2025-11-07 17:26:08,Pakistan,2016,1,0,5.132,4.745909764207211,0.3860902357927891
251,2025-11-07 17:26:08,Lebanon,2016,0,1,5.129,5.9126182245476215,0.783618224547622
252,2025-11-07 17:26:08,Portugal,2016,1,0,5.123,6.183126651150678,1.0601266511506777
253,2025-11-07 17:26:08,Macedonia,2016,1,0,5.121,5.591744396511063,0.4707443965110629
254,2025-11-07 17:26:08,Vietnam,2016,1,0,5.061,5.207675641259435,0.146675641259435
255,2025-11-07 17:26:08,Somaliland Region,2016,1,0,5.057,4.0099689113084045,1.047031088691596
256,2025-11-07 17:26:08,Tunisia,2016,1,0,5.045,5.453591382513964,0.408591382513964
257,2025-11-07 17:26:08,Greece,2016,1,0,5.033,6.15353600492076,1.1205360049207593
258,2025-11-07 17:26:08,Tajikistan,2016,1,0,4.996,4.64688575072686,0.34911424927314005
259,2025-11-07 17:26:08,Mongolia,2016,1,0,4.907,5.408669027893941,0.5016690278939411
260,2025-11-07 17:26:08,Laos,2016,0,1,4.876,4.704583983026566,0.171416016973434
261,2025-11-07 17:26:08,Nigeria,2016,0,1,4.875,4.313448503041995,0.5615514969580051
262,2025-11-07 17:26:08,Honduras,2016,1,0,4.871,5.024674450128201,0.15367445012820014
263,2025-11-07 17:26:08,Iran,2016,1,0,4.813,5.726979791777621,0.9139797917776216
264,2025-11-07 17:26:08,Zambia,2016,1,0,4.795,4.385492516660374,0.4095074833396257
265,2025-11-07 17:26:08,Nepal,2016,0,1,4.793,4.54026246371588,0.25273753628412
266,2025-11-07 17:26:08,Palestinian Territories,2016,0,1,4.754,4.966758047934679,0.21275804793467934
267,2025-11-07 17:26:08,Albania,2016,0,1,4.655,5.622201990225491,0.9672019902254911
268,2025-11-07 17:26:08,Bangladesh,2016,1,0,4.643,4.722557955832356,0.07955795583235581
269,2025-11-07 17:26:08,Sierra Leone,2016,1,0,4.635,3.6744796612335993,0.9605203387664005
270,2025-11-07 17:26:08,Iraq,2016,1,0,4.575,5.468341927761996,0.8933419277619956
271,2025-11-07 17:26:08,Namibia,2016,1,0,4.574,5.0184280072552205,0.4444280072552207
272,2025-11-07 17:26:08,Cameroon,2016,1,0,4.513,4.096674209357326,0.4163257906426736
273,2025-11-07 17:26:08,Ethiopia,2016,1,0,4.508,4.086033286044731,0.4219667139552694
274,2025-11-07 17:26:08,South Africa,2016,1,0,4.459,4.910208598400182,0.4512085984001821
275,2025-11-07 17:26:08,Sri Lanka,2016,1,0,4.415,5.4839684090668825,1.0689684090668825
276,2025-11-07 17:26:08,India,2016,0,1,4.404,4.89318195398049,0.48918195398049047
277,2025-11-07 17:26:08,Myanmar,2016,1,0,4.395,4.235342633731647,0.1596573662683527
278,2025-11-07 17:26:08,Egypt,2016,1,0,4.362,5.308373892043993,0.9463738920439928
279,2025-11-07 17:26:08,Armenia,2016,1,0,4.36,5.351771970689184,0.9917719706891841
280,2025-11-07 17:26:08,Kenya,2016,1,0,4.356,4.353816151634233,0.002183848365766572
281,2025-11-07 17:26:08,Ukraine,2016,1,0,4.324,5.287787296173333,0.9637872961733329
282,2025-11-07 17:26:08,Ghana,2016,0,1,4.276,4.504351829781831,0.22835182978183077
283,2025-11-07 17:26:08,Congo (Kinshasa),2016,1,0,4.272,3.5072954202108204,0.7647045797891798
284,2025-11-07 17:26:08,Georgia,2016,1,0,4.252,5.31772633228899,1.0657263322889898
285,2025-11-07 17:26:08,Congo (Brazzaville),2016,1,0,4.236,4.685854527047505,0.4498545270475054
286,2025-11-07 17:26:08,Senegal,2016,1,0,4.219,4.392179130293686,0.17317913029368537
287,2025-11-07 17:26:08,Bulgaria,2016,0,1,4.217,5.773766446226448,1.5567664462264483
288,2025-11-07 17:26:08,Mauritania,2016,1,0,4.201,4.463865130355903,0.26286513035590353
289,2025-11-07 17:26:08,Zimbabwe,2016,1,0,4.193,3.8916061404695945,0.3013938595304051
290,2025-11-07 17:26:08,Malawi,2016,1,0,4.156,3.709281576791584,0.4467184232084156
291,2025-11-07 17:26:08,Sudan,2016,0,1,4.139,4.5049641410387515,0.3659641410387513
292,2025-11-07 17:26:08,Gabon,2016,0,1,4.121,5.349167000244023,1.2281670002440226
293,2025-11-07 17:26:08,Mali,2016,0,1,4.073,3.8430641742124854,0.22993582578751504
294,2025-11-07 17:26:08,Haiti,2016,1,0,4.028,4.050223018510451,0.022223018510451276
295,2025-11-07 17:26:08,Botswana,2016,0,1,3.974,5.253012905034186,1.279012905034186
296,2025-11-07 17:26:08,Comoros,2016,1,0,3.956,3.9916338784477143,0.03563387844771437
297,2025-11-07 17:26:08,Ivory Coast,2016,0,1,3.916,4.017665592535661,0.10166559253566065
298,2025-11-07 17:26:08,Cambodia,2016,1,0,3.907,4.586618257400144,0.6796182574001444
299,2025-11-07 17:26:08,Angola,2016,1,0,3.866,4.44994348317626,0.58394348317626
300,2025-11-07 17:26:09,Niger,2016,0,1,3.856,3.7277471065127767,0.12825289348722313
301,2025-11-07 17:26:09,South Sudan,2016,0,1,3.832,3.952327153512309,0.12032715351230916
302,2025-11-07 17:26:09,Chad,2016,1,0,3.763,3.814800935626871,0.05180093562687116
303,2025-11-07 17:26:09,Burkina Faso,2016,0,1,3.739,3.9271729136389997,0.1881729136389998
304,2025-11-07 17:26:09,Uganda,2016,1,0,3.739,3.9417892960341567,0.20278929603415685
305,2025-11-07 17:26:09,Yemen,2016,1,0,3.724,4.449673919982203,0.7256739199822029
306,2025-11-07 17:26:09,Madagascar,2016,1,0,3.695,4.104507981009674,0.40950798100967445
307,2025-11-07 17:26:09,Tanzania,2016,1,0,3.666,4.362441637432953,0.6964416374329532
308,2025-11-07 17:26:09,Liberia,2016,1,0,3.622,3.645755191097368,0.023755191097368122
309,2025-11-07 17:26:09,Guinea,2016,1,0,3.607,3.7511439558439656,0.14414395584396544
310,2025-11-07 17:26:09,Rwanda,2016,0,1,3.515,4.097298996589856,0.5822989965898562
311,2025-11-07 17:26:09,Benin,2016,1,0,3.484,4.032181366288022,0.5481813662880217
312,2025-11-07 17:26:09,Afghanistan,2016,0,1,3.36,3.958704939455968,0.5987049394559683
313,2025-11-07 17:26:09,Togo,2016,1,0,3.303,3.92337535478008,0.6203753547800801
314,2025-11-07 17:26:09,Syria,2016,1,0,3.069,5.170366135501471,2.101366135501471
315,2025-11-07 17:26:09,Burundi,2016,1,0,2.905,3.4787180826368576,0.5737180826368578
316,2025-11-07 17:26:09,Norway,2017,1,0,7.53700017929077,6.682210281415354,0.854789897875416
317,2025-11-07 17:26:09,Denmark,2017,1,0,7.52199983596802,6.481285745878385,1.0407140900896357
318,2025-11-07 17:26:09,Iceland,2017,1,0,7.50400018692017,6.539929158678186,0.9640710282419835
319,2025-11-07 17:26:09,Switzerland,2017,1,0,7.49399995803833,6.69916707043757,0.7948328876007604
320,2025-11-07 17:26:09,Finland,2017,0,1,7.4689998626709,6.449667089210086,1.019332773460814
321,2025-11-07 17:26:09,Netherlands,2017,1,0,7.3769998550415,6.53967807810208,0.8373217769394206
322,2025-11-07 17:26:09,Canada,2017,1,0,7.31599998474121,6.5393546513899725,0.7766453333512375
323,2025-11-07 17:26:09,New Zealand,2017,1,0,7.31400012969971,6.406001023575637,0.9079991061240724
324,2025-11-07 17:26:09,Sweden,2017,1,0,7.28399991989136,6.555916192968548,0.7280837269228124
325,2025-11-07 17:26:09,Australia,2017,0,1,7.28399991989136,6.560851715334245,0.7231482045571154
326,2025-11-07 17:26:09,Israel,2017,1,0,7.21299982070923,6.3942556274446,0.8187441932646307
327,2025-11-07 17:26:09,Costa Rica,2017,0,1,7.0789999961853,5.890483643944968,1.188516352240332
328,2025-11-07 17:26:09,Austria,2017,1,0,7.00600004196167,6.522116076822051,0.4838839651396185
329,2025-11-07 17:26:09,United States,2017,1,0,6.99300003051758,6.546803091082404,0.44619693943517547
330,2025-11-07 17:26:09,Ireland,2017,0,1,6.97700023651123,6.584460777737293,0.39253945877393637
331,2025-11-07 17:26:09,Germany,2017,1,0,6.95100021362305,6.49886725975004,0.45213295387301056
332,2025-11-07 17:26:09,Belgium,2017,0,1,6.89099979400635,6.492365338519752,0.39863445548659815
333,2025-11-07 17:26:09,Luxembourg,2017,0,1,6.86299991607666,6.936805541008166,0.07380562493150578
334,2025-11-07 17:26:09,United Kingdom,2017,0,1,6.71400022506714,6.4411462411064075,0.272853983960732
335,2025-11-07 17:26:09,Chile,2017,0,1,6.65199995040894,6.187884922739489,0.46411502766945123
336,2025-11-07 17:26:09,United Arab Emirates,2017,1,0,6.64799976348877,6.592263702054318,0.055736061434452644
337,2025-11-07 17:26:09,Brazil,2017,0,1,6.63500022888184,5.6736548211088,0.9613454077730408
338,2025-11-07 17:26:09,Czech Republic,2017,1,0,6.60900020599365,6.235937295480429,0.3730629105132204
339,2025-11-07 17:26:09,Argentina,2017,0,1,6.59899997711182,5.904209097808867,0.6947908793029534
340,2025-11-07 17:26:09,Mexico,2017,1,0,6.57800006866455,5.879711138070406,0.6982889305941438
341,2025-11-07 17:26:09,Singapore,2017,1,0,6.57200002670288,7.0205024559275415,0.44850242922466155
342,2025-11-07 17:26:09,Malta,2017,1,0,6.52699995040894,6.323042808674332,0.203957141734608
343,2025-11-07 17:26:09,Uruguay,2017,1,0,6.4539999961853,5.987032086981516,0.4669679092037837
344,2025-11-07 17:26:09,Guatemala,2017,1,0,6.4539999961853,5.21779629828681,1.2362036978984898
345,2025-11-07 17:26:09,Panama,2017,0,1,6.4520001411438,5.991055031364052,0.4609451097797477
346,2025-11-07 17:26:09,France,2017,1,0,6.44199991226196,6.483999427439047,0.041999515177086444
347,2025-11-07 17:26:09,Thailand,2017,1,0,6.42399978637695,5.749271413463286,0.6747283729136635
348,2025-11-07 17:26:09,Taiwan Province of China,2017,1,0,6.42199993133545,6.412566291439839,0.009433639895610746
349,2025-11-07 17:26:09,Spain,2017,1,0,6.40299987792969,6.4828262977588835,0.07982641982919336
350,2025-11-07 17:26:09,Qatar,2017,1,0,6.375,6.922449693288128,0.5474496932881276
351,2025-11-07 17:26:09,Colombia,2017,0,1,6.35699987411499,5.588156958186387,0.7688429159286034
352,2025-11-07 17:26:09,Saudi Arabia,2017,0,1,6.3439998626709,6.2491994263492865,0.09480043632161372
353,2025-11-07 17:26:09,Trinidad and Tobago,2017,0,1,6.16800022125244,5.898529397761768,0.2694708234906713
354,2025-11-07 17:26:09,Kuwait,2017,1,0,6.10500001907349,6.460506246439427,0.35550622736593684
355,2025-11-07 17:26:09,Slovakia,2017,1,0,6.09800004959106,6.1340224469498725,0.03602239735881252
356,2025-11-07 17:26:09,Bahrain,2017,1,0,6.08699989318848,6.281896790738658,0.19489689755017814
357,2025-11-07 17:26:09,Malaysia,2017,0,1,6.08400011062622,5.944116761646932,0.13988334897928745
358,2025-11-07 17:26:09,Nicaragua,2017,0,1,6.07100009918213,5.1905638573972865,0.8804362417848433
359,2025-11-07 17:26:09,Ecuador,2017,1,0,6.00799989700317,5.622005703870009,0.3859941931331612
360,2025-11-07 17:26:09,El Salvador,2017,1,0,6.00299978256226,5.35595763579831,0.6470421467639502
361,2025-11-07 17:26:09,Poland,2017,0,1,5.97300004959106,6.065406122830094,0.09240607323903394
362,2025-11-07 17:26:09,Uzbekistan,2017,0,1,5.97100019454956,5.030836531616691,0.9401636629328687
363,2025-11-07 17:26:09,Italy,2017,0,1,5.96400022506714,6.444859218070979,0.4808589930038396
364,2025-11-07 17:26:09,Russia,2017,1,0,5.96299982070923,5.823765146321097,0.13923467438813297
365,2025-11-07 17:26:09,Belize,2017,1,0,5.95599985122681,5.135634794870192,0.8203650563566178
366,2025-11-07 17:26:09,Japan,2017,0,1,5.92000007629395,6.566667156978251,0.6466670806843009
367,2025-11-07 17:26:10,Lithuania,2017,1,0,5.90199995040894,5.99324148049948,0.09124153009053959
368,2025-11-07 17:26:10,Algeria,2017,1,0,5.87200021743774,5.65269256148932,0.21930765594841972
369,2025-11-07 17:26:10,Latvia,2017,0,1,5.84999990463257,5.9293840818356855,0.07938417720311541
370,2025-11-07 17:26:10,South Korea,2017,1,0,5.83799982070923,6.524732420083534,0.6867325993743041
371,2025-11-07 17:26:10,Moldova,2017,1,0,5.83799982070923,5.083328362939518,0.754671457769712
372,2025-11-07 17:26:10,Romania,2017,1,0,5.82499980926514,5.936369056931781,0.1113692476666408
373,2025-11-07 17:26:10,Bolivia,2017,1,0,5.82299995422363,5.062793438685489,0.7602065155381412
374,2025-11-07 17:26:10,Turkmenistan,2017,1,0,5.82200002670288,5.440729569220576,0.38127045748230426
375,2025-11-07 17:26:10,Kazakhstan,2017,1,0,5.81899976730347,5.915418887307542,0.0964191200040716
376,2025-11-07 17:26:10,North Cyprus,2017,0,1,5.80999994277954,6.347282301786544,0.5372823590070039
377,2025-11-07 17:26:10,Slovenia,2017,1,0,5.75799989700317,6.27357885193747,0.5155789549342993
378,2025-11-07 17:26:10,Peru,2017,0,1,5.71500015258789,5.5891845425673266,0.12581561002056318
379,2025-11-07 17:26:10,Mauritius,2017,1,0,5.62900018692017,5.824881328882546,0.19588114196237605
380,2025-11-07 17:26:10,Cyprus,2017,1,0,5.62099981307983,6.375426105830586,0.7544262927507557
381,2025-11-07 17:26:10,Estonia,2017,0,1,5.61100006103516,6.1012429082602955,0.49024284722513567
382,2025-11-07 17:26:10,Belarus,2017,1,0,5.56899976730347,5.776733964658202,0.20773419735473198
383,2025-11-07 17:26:10,Libya,2017,1,0,5.52500009536743,5.521707377485598,0.0032927178818322744
384,2025-11-07 17:26:10,Turkey,2017,1,0,5.5,5.837181304812711,0.33718130481271125
385,2025-11-07 17:26:10,Paraguay,2017,1,0,5.49300003051758,5.363983237585867,0.1290167929317132
386,2025-11-07 17:26:10,"Hong Kong S.A.R., China",2017,1,0,5.47200012207031,6.806624496344092,1.3346243742737824
387,2025-11-07 17:26:10,Philippines,2017,1,0,5.42999982833862,5.089187772057396,0.3408120562812247
388,2025-11-07 17:26:10,Serbia,2017,1,0,5.39499998092651,5.669496555873807,0.27449657494729696
389,2025-11-07 17:26:10,Jordan,2017,1,0,5.33599996566772,5.486767857709522,0.1507678920418014
390,2025-11-07 17:26:10,Hungary,2017,1,0,5.32399988174438,6.039530542225945,0.7155306604815648
391,2025-11-07 17:26:10,Jamaica,2017,1,0,5.31099987030029,5.4460885962480585,0.13508872594776822
392,2025-11-07 17:26:10,Croatia,2017,1,0,5.29300022125244,5.9675275876690606,0.6745273664166209
393,2025-11-07 17:26:10,Kosovo,2017,1,0,5.27899980545044,5.335084185594479,0.05608438014403827
394,2025-11-07 17:26:10,China,2017,0,1,5.27299976348877,5.82200683703647,0.5490070735477
395,2025-11-07 17:26:10,Pakistan,2017,1,0,5.26900005340576,4.800659364817529,0.4683406885882313
396,2025-11-07 17:26:10,Indonesia,2017,1,0,5.26200008392334,5.325782386143847,0.06378230222050707
397,2025-11-07 17:26:10,Venezuela,2017,0,1,5.25,5.705162190907424,0.4551621909074237
398,2025-11-07 17:26:10,Montenegro,2017,1,0,5.23699998855591,5.769672791364561,0.5326728028086514
399,2025-11-07 17:26:10,Morocco,2017,0,1,5.2350001335144,5.312471069766703,0.07747093625230317
400,2025-11-07 17:26:10,Azerbaijan,2017,1,0,5.23400020599365,5.627727049452493,0.39372684345884323
401,2025-11-07 17:26:10,Dominican Republic,2017,1,0,5.23000001907349,5.570785136965178,0.34078511789168786
402,2025-11-07 17:26:10,Greece,2017,1,0,5.22700023651123,6.227355172544646,1.0003549360334167
403,2025-11-07 17:26:10,Lebanon,2017,1,0,5.22499990463257,5.803574357267837,0.5785744526352667
404,2025-11-07 17:26:10,Portugal,2017,1,0,5.19500017166138,6.24324641241912,1.0482462407577406
405,2025-11-07 17:26:10,Bosnia and Herzegovina,2017,0,1,5.18200016021729,5.624441662711398,0.4424415024941082
406,2025-11-07 17:26:10,Honduras,2017,0,1,5.18100023269653,5.07550774823233,0.10549248446419934
407,2025-11-07 17:26:10,Macedonia,2017,1,0,5.17500019073486,5.653897550485933,0.4788973597510733
408,2025-11-07 17:26:10,Somalia,2017,1,0,5.15100002288818,3.3474602000319154,1.8035398228562647
409,2025-11-07 17:26:10,Vietnam,2017,1,0,5.07399988174438,5.263637813241617,0.18963793149723696
410,2025-11-07 17:26:10,Nigeria,2017,0,1,5.07399988174438,4.368065832356451,0.7059340493879294
411,2025-11-07 17:26:10,Tajikistan,2017,1,0,5.04099988937378,4.696799478297686,0.3442004110760939
412,2025-11-07 17:26:10,Bhutan,2017,0,1,5.01100015640259,5.171062988084831,0.16006283168224122
413,2025-11-07 17:26:10,Kyrgyzstan,2017,1,0,5.00400018692017,4.836850082934786,0.16715010398538332
414,2025-11-07 17:26:10,Nepal,2017,1,0,4.96199989318848,4.59409819619605,0.3679016969924298
415,2025-11-07 17:26:10,Mongolia,2017,1,0,4.95499992370605,5.4695220694615925,0.5145221457555422
416,2025-11-07 17:26:10,South Africa,2017,1,0,4.8289999961853,4.956025839655551,0.1270258434702507
417,2025-11-07 17:26:10,Tunisia,2017,1,0,4.80499982833862,5.52325327392645,0.7182534455878296
418,2025-11-07 17:26:10,Palestinian Territories,2017,1,0,4.77500009536743,5.029464310336375,0.25446421496894533
419,2025-11-07 17:26:10,Egypt,2017,1,0,4.7350001335144,5.3588648640512835,0.6238647305368836
420,2025-11-07 17:26:10,Bulgaria,2017,1,0,4.71400022506714,5.889104774160625,1.1751045490934855
421,2025-11-07 17:26:10,Sierra Leone,2017,0,1,4.70900011062622,3.6879750150332544,1.0210250955929654
422,2025-11-07 17:26:10,Cameroon,2017,1,0,4.69500017166138,4.162649572121264,0.5323505995401154
423,2025-11-07 17:26:10,Iran,2017,1,0,4.69199991226196,5.779609188577563,1.087609276315603
424,2025-11-07 17:26:10,Albania,2017,1,0,4.64400005340576,5.683241082511314,1.039241029105554
425,2025-11-07 17:26:10,Bangladesh,2017,0,1,4.60799980163574,4.792813663170972,0.18481386153523172
426,2025-11-07 17:26:10,Namibia,2017,0,1,4.57399988174438,5.051093307751459,0.4770934260070785
427,2025-11-07 17:26:10,Kenya,2017,1,0,4.55299997329712,4.421465217027658,0.13153475626946243
428,2025-11-07 17:26:10,Mozambique,2017,1,0,4.55000019073486,3.644031041405561,0.9059691493292985
429,2025-11-07 17:26:10,Myanmar,2017,0,1,4.54500007629395,4.2711968148796675,0.27380326141428224
430,2025-11-07 17:26:11,Senegal,2017,1,0,4.53499984741211,4.451883306043476,0.08311654136863389
431,2025-11-07 17:26:11,Zambia,2017,1,0,4.51399993896484,4.453923895168544,0.06007604379629594
432,2025-11-07 17:26:11,Iraq,2017,1,0,4.49700021743774,5.494679112247617,0.9976788948098774
433,2025-11-07 17:26:11,Gabon,2017,0,1,4.46500015258789,5.41756310614551,0.9525629535576199
434,2025-11-07 17:26:11,Ethiopia,2017,0,1,4.46000003814697,4.1648423743251035,0.2951576638218665
435,2025-11-07 17:26:11,Sri Lanka,2017,1,0,4.44000005722046,5.5448007026876915,1.1048006454672317
436,2025-11-07 17:26:11,Armenia,2017,1,0,4.37599992752075,5.404570052545513,1.0285701250247632
437,2025-11-07 17:26:11,India,2017,1,0,4.31500005722046,4.975274180400059,0.6602741231795992
438,2025-11-07 17:26:11,Mauritania,2017,1,0,4.29199981689453,4.51250459935528,0.22050478246074956
439,2025-11-07 17:26:11,Congo (Brazzaville),2017,1,0,4.29099988937378,4.752581234930515,0.461581345556735
440,2025-11-07 17:26:11,Georgia,2017,0,1,4.28599977493286,5.495184828811205,1.2091850538783442
441,2025-11-07 17:26:11,Congo (Kinshasa),2017,1,0,4.28000020980835,3.5639476674913455,0.7160525423170041
442,2025-11-07 17:26:11,Mali,2017,1,0,4.19000005722046,4.0890634061711175,0.10093665104934235
443,2025-11-07 17:26:11,Ivory Coast,2017,0,1,4.17999982833862,4.09316864729116,0.08683118104746068
444,2025-11-07 17:26:11,Cambodia,2017,0,1,4.16800022125244,4.660281731715501,0.49228151046306134
445,2025-11-07 17:26:11,Sudan,2017,0,1,4.13899993896484,4.536889949474,0.39789001050916006
446,2025-11-07 17:26:11,Ghana,2017,1,0,4.11999988555908,4.555130470393821,0.43513058483474065
447,2025-11-07 17:26:11,Ukraine,2017,0,1,4.09600019454956,5.303944212472725,1.2079440179231655
448,2025-11-07 17:26:11,Uganda,2017,1,0,4.08099985122681,4.023457522110802,0.057542329116007984
449,2025-11-07 17:26:11,Burkina Faso,2017,1,0,4.03200006484985,3.975453590257307,0.05654647459254303
450,2025-11-07 17:26:11,Niger,2017,1,0,4.02799987792969,3.7804861542245622,0.24751372370512792
451,2025-11-07 17:26:11,Malawi,2017,1,0,3.97000002861023,3.953934153710469,0.016065874899760857
452,2025-11-07 17:26:11,Chad,2017,1,0,3.93600010871887,3.8421838029155224,0.09381630580334743
453,2025-11-07 17:26:11,Zimbabwe,2017,1,0,3.875,3.984190765935485,0.10919076593548516
454,2025-11-07 17:26:11,Lesotho,2017,1,0,3.80800008773804,3.90137783593515,0.09337774819710987
455,2025-11-07 17:26:11,Angola,2017,1,0,3.79500007629395,4.466035166407922,0.6710350901139717
456,2025-11-07 17:26:11,Afghanistan,2017,1,0,3.79399991035461,3.997518497835581,0.2035185874809713
457,2025-11-07 17:26:11,Botswana,2017,0,1,3.76600003242493,5.284847214543792,1.5188471821188618
458,2025-11-07 17:26:11,Benin,2017,0,1,3.65700006484985,4.084101509507765,0.42710144465791533
459,2025-11-07 17:26:11,Madagascar,2017,1,0,3.64400005340576,4.148843575015928,0.5048435216101677
460,2025-11-07 17:26:11,Haiti,2017,1,0,3.6029999256134,4.093935637903704,0.49093571229030397
461,2025-11-07 17:26:11,Yemen,2017,1,0,3.59299993515015,4.4669390668875835,0.8739391317374334
462,2025-11-07 17:26:11,South Sudan,2017,1,0,3.59100008010864,3.9656074895173075,0.37460740940866755
463,2025-11-07 17:26:11,Liberia,2017,0,1,3.53299999237061,3.6605780213443504,0.1275780289737405
464,2025-11-07 17:26:11,Guinea,2017,1,0,3.50699996948242,3.7894994492972587,0.2824994798148386
465,2025-11-07 17:26:11,Togo,2017,1,0,3.49499988555908,3.957057004598217,0.4620571190391374
466,2025-11-07 17:26:11,Rwanda,2017,0,1,3.47099995613098,4.167436039766966,0.696436083635986
467,2025-11-07 17:26:11,Syria,2017,1,0,3.46199989318848,5.020717102790903,1.558717209602423
468,2025-11-07 17:26:11,Tanzania,2017,0,1,3.34899997711182,4.431165259496886,1.0821652823850663
469,2025-11-07 17:26:11,Burundi,2017,1,0,2.90499997138977,3.503841670790855,0.5988416994010848
470,2025-11-07 17:26:11,Central African Republic,2017,1,0,2.69300007820129,3.1724205670346843,0.4794204888333944
471,2025-11-07 17:26:11,Finland,2018,0,1,7.632,6.345137077804914,1.2868629221950858
472,2025-11-07 17:26:11,Norway,2018,1,0,7.594,6.5451152834599,1.0488847165401003
473,2025-11-07 17:26:11,Denmark,2018,1,0,7.555,6.403012617000906,1.1519873829990939
474,2025-11-07 17:26:11,Iceland,2018,1,0,7.495,6.460059662830561,1.0349403371694388
475,2025-11-07 17:26:11,Switzerland,2018,1,0,7.487,6.591338233666161,0.8956617663338395
476,2025-11-07 17:26:11,Netherlands,2018,1,0,7.441,6.432469703556639,1.008530296443361
477,2025-11-07 17:26:11,Canada,2018,1,0,7.328,6.414301310023456,0.9136986899765445
478,2025-11-07 17:26:11,New Zealand,2018,1,0,7.324,6.294366151768987,1.029633848231013
479,2025-11-07 17:26:11,Sweden,2018,1,0,7.314,6.476001401957346,0.8379985980426543
480,2025-11-07 17:26:11,Australia,2018,1,0,7.272,6.4497297088069105,0.8222702911930897
481,2025-11-07 17:26:11,United Kingdom,2018,1,0,7.19,6.277410954084721,0.9125890459152792
482,2025-11-07 17:26:11,Austria,2018,1,0,7.139,6.422818856323875,0.716181143676125
483,2025-11-07 17:26:11,Costa Rica,2018,0,1,7.072,5.831446101960219,1.2405538980397814
484,2025-11-07 17:26:11,Ireland,2018,0,1,6.977,6.555884659524713,0.4211153404752874
485,2025-11-07 17:26:11,Germany,2018,1,0,6.965,6.3765811340173215,0.5884188659826783
486,2025-11-07 17:26:11,Belgium,2018,0,1,6.927,6.402598370317737,0.5244016296822629
487,2025-11-07 17:26:11,Luxembourg,2018,1,0,6.91,6.771709937289614,0.1382900627103858
488,2025-11-07 17:26:11,United States,2018,1,0,6.886,6.398149430347534,0.4878505696524664
489,2025-11-07 17:26:11,Israel,2018,1,0,6.814,6.352761007922716,0.46123899207728414
490,2025-11-07 17:26:11,United Arab Emirates,2018,1,0,6.774,7.189828707717664,0.41582870771766434
491,2025-11-07 17:26:12,Czech Republic,2018,0,1,6.711,6.210673113564015,0.5003268864359853
492,2025-11-07 17:26:12,Malta,2018,1,0,6.627,6.309214537421715,0.31778546257828477
493,2025-11-07 17:26:12,France,2018,1,0,6.489,6.378458664556833,0.11054133544316702
494,2025-11-07 17:26:12,Mexico,2018,1,0,6.488,5.788528387534118,0.6994716124658824
495,2025-11-07 17:26:12,Chile,2018,1,0,6.476,5.993809201883639,0.4821907981163607
496,2025-11-07 17:26:12,Taiwan,2018,0,1,6.441,6.406931836755672,0.03406816324432782
497,2025-11-07 17:26:12,Panama,2018,1,0,6.43,5.893055895719834,0.5369441042801659
498,2025-11-07 17:26:12,Brazil,2018,1,0,6.419,5.584595383508672,0.8344046164913275
499,2025-11-07 17:26:12,Argentina,2018,1,0,6.388,5.814001131518804,0.5739988684811959
500,2025-11-07 17:26:12,Guatemala,2018,0,1,6.382,5.186735380972536,1.1952646190274638
501,2025-11-07 17:26:12,Uruguay,2018,1,0,6.379,5.883365101028783,0.4956348989712165
502,2025-11-07 17:26:12,Qatar,2018,0,1,6.374,6.656831668564848,0.28283166856484865
503,2025-11-07 17:26:12,Saudi Arabia,2018,1,0,6.371,6.092878680384263,0.27812131961573705
504,2025-11-07 17:26:12,Singapore,2018,1,0,6.343,6.870621291529602,0.5276212915296021
505,2025-11-07 17:26:12,Malaysia,2018,1,0,6.322,5.829892519929601,0.4921074800703993
506,2025-11-07 17:26:12,Spain,2018,1,0,6.31,6.402528878658862,0.09252887865886272
507,2025-11-07 17:26:12,Colombia,2018,0,1,6.26,5.4871073656667395,0.7728926343332603
508,2025-11-07 17:26:12,Trinidad & Tobago,2018,0,1,6.192,5.763224171067769,0.4287758289322312
509,2025-11-07 17:26:12,Slovakia,2018,1,0,6.173,6.060816271354657,0.1121837286453431
510,2025-11-07 17:26:12,El Salvador,2018,1,0,6.167,5.2693350657034514,0.8976649342965484
511,2025-11-07 17:26:12,Nicaragua,2018,1,0,6.141,5.159900054563482,0.9810999454365179
512,2025-11-07 17:26:12,Poland,2018,1,0,6.123,6.018882471285449,0.10411752871455082
513,2025-11-07 17:26:12,Bahrain,2018,0,1,6.105,6.13034439954038,0.025344399540379925
514,2025-11-07 17:26:12,Uzbekistan,2018,0,1,6.096,5.092178299685884,1.0038217003141163
515,2025-11-07 17:26:12,Kuwait,2018,0,1,6.083,6.2936011156464176,0.21060111564641737
516,2025-11-07 17:26:12,Thailand,2018,0,1,6.072,5.675952299289732,0.39604770071026785
517,2025-11-07 17:26:12,Italy,2018,0,1,6.0,6.393052593359543,0.3930525933595428
518,2025-11-07 17:26:12,Ecuador,2018,1,0,5.973,5.534728476913063,0.43827152308693673
519,2025-11-07 17:26:12,Belize,2018,1,0,5.956,5.024471316908578,0.9315286830914227
520,2025-11-07 17:26:12,Lithuania,2018,1,0,5.952,5.952359140156474,0.00035914015647442454
521,2025-11-07 17:26:12,Slovenia,2018,1,0,5.948,6.193318441296875,0.24531844129687475
522,2025-11-07 17:26:12,Romania,2018,0,1,5.945,5.849604092235702,0.0953959077642983
523,2025-11-07 17:26:12,Latvia,2018,0,1,5.933,5.813990728261103,0.11900927173889642
524,2025-11-07 17:26:12,Japan,2018,0,1,5.915,6.499337789709907,0.5843377897099069
525,2025-11-07 17:26:12,Mauritius,2018,1,0,5.891,5.7491304182799094,0.14186958172009057
526,2025-11-07 17:26:12,Jamaica,2018,0,1,5.89,5.368835228560051,0.521164771439949
527,2025-11-07 17:26:12,South Korea,2018,1,0,5.875,6.409393807069202,0.5343938070692023
528,2025-11-07 17:26:12,Northern Cyprus,2018,1,0,5.835,6.286967134300616,0.45196713430061575
529,2025-11-07 17:26:12,Russia,2018,1,0,5.81,5.710865749958043,0.0991342500419563
530,2025-11-07 17:26:12,Kazakhstan,2018,1,0,5.79,5.747013202990672,0.04298679700932784
531,2025-11-07 17:26:12,Cyprus,2018,1,0,5.762,6.286967134300616,0.5249671343006161
532,2025-11-07 17:26:12,Bolivia,2018,1,0,5.752,4.993866157320208,0.7581338426797917
533,2025-11-07 17:26:12,Estonia,2018,1,0,5.739,5.988067171147941,0.2490671711479413
534,2025-11-07 17:26:12,Paraguay,2018,0,1,5.681,5.275640729697766,0.40535927030223373
535,2025-11-07 17:26:12,Peru,2018,1,0,5.663,5.507552764322309,0.15544723567769125
536,2025-11-07 17:26:12,Kosovo,2018,1,0,5.662,5.249463703564199,0.4125362964358006
537,2025-11-07 17:26:12,Moldova,2018,1,0,5.64,5.024492123423978,0.6155078765760216
538,2025-11-07 17:26:12,Turkmenistan,2018,0,1,5.636,5.392314968472956,0.24368503152704424
539,2025-11-07 17:26:12,Hungary,2018,0,1,5.62,5.9384694935026445,0.3184694935026444
540,2025-11-07 17:26:12,Libya,2018,1,0,5.566,5.401017479964519,0.16498252003548064
541,2025-11-07 17:26:12,Philippines,2018,1,0,5.524,5.03619943197229,0.4878005680277102
542,2025-11-07 17:26:12,Honduras,2018,1,0,5.504,4.97372119738805,0.5302788026119494
543,2025-11-07 17:26:12,Belarus,2018,1,0,5.483,5.698918756660007,0.21591875666000693
544,2025-11-07 17:26:12,Turkey,2018,0,1,5.483,5.8363831491150595,0.35338314911505986
545,2025-11-07 17:26:12,Pakistan,2018,0,1,5.472,4.724633421272404,0.747366578727596
546,2025-11-07 17:26:12,Hong Kong,2018,1,0,5.43,6.723306314550349,1.2933063145503496
547,2025-11-07 17:26:12,Portugal,2018,1,0,5.41,6.190078328332996,0.780078328332996
548,2025-11-07 17:26:12,Serbia,2018,1,0,5.398,5.583541977492903,0.18554197749290324
549,2025-11-07 17:26:12,Greece,2018,1,0,5.358,6.1332162476944845,0.7752162476944848
550,2025-11-07 17:26:12,Lebanon,2018,1,0,5.358,5.718295977199514,0.360295977199514
551,2025-11-07 17:26:12,Montenegro,2018,1,0,5.347,5.710247397140844,0.3632473971408432
552,2025-11-07 17:26:12,Croatia,2018,1,0,5.321,5.864572320263294,0.5435723202632943
553,2025-11-07 17:26:12,Dominican Republic,2018,1,0,5.302,5.487721349641346,0.18572134964134612
554,2025-11-07 17:26:12,Algeria,2018,1,0,5.295,5.592339156001335,0.2973391560013354
555,2025-11-07 17:26:12,Morocco,2018,1,0,5.254,5.274892131248004,0.020892131248004375
556,2025-11-07 17:26:12,China,2018,1,0,5.246,5.774064704363971,0.5280647043639703
557,2025-11-07 17:26:12,Azerbaijan,2018,1,0,5.201,5.532321226158114,0.33132122615811443
558,2025-11-07 17:26:12,Tajikistan,2018,0,1,5.199,4.725772756619854,0.4732272433801459
559,2025-11-07 17:26:12,Macedonia,2018,0,1,5.185,5.569252856256199,0.3842528562561993
560,2025-11-07 17:26:13,Jordan,2018,1,0,5.161,5.30153812362332,0.14053812362332074
561,2025-11-07 17:26:13,Nigeria,2018,1,0,5.155,4.217086654016362,0.9379133459836382
562,2025-11-07 17:26:13,Kyrgyzstan,2018,1,0,5.131,4.801162757916137,0.32983724208386356
563,2025-11-07 17:26:13,Bosnia and Herzegovina,2018,1,0,5.129,5.6053455897302475,0.476345589730248
564,2025-11-07 17:26:13,Mongolia,2018,1,0,5.125,5.330705174713341,0.2057051747133407
565,2025-11-07 17:26:13,Vietnam,2018,1,0,5.103,5.23117109881356,0.12817109881356004
566,2025-11-07 17:26:13,Indonesia,2018,1,0,5.093,5.229792078716386,0.1367920787163861
567,2025-11-07 17:26:13,Bhutan,2018,1,0,5.082,5.087609517340817,0.0056095173408170496
568,2025-11-07 17:26:13,Somalia,2018,1,0,4.982,3.3160714013657255,1.6659285986342747
569,2025-11-07 17:26:13,Cameroon,2018,0,1,4.975,4.193382001454026,0.7816179985459737
570,2025-11-07 17:26:13,Bulgaria,2018,1,0,4.933,5.7386259023228146,0.8056259023228147
571,2025-11-07 17:26:13,Nepal,2018,1,0,4.88,4.566504751927457,0.3134952480725426
572,2025-11-07 17:26:13,Venezuela,2018,1,0,4.806,5.572253284470354,0.7662532844703538
573,2025-11-07 17:26:13,Gabon,2018,1,0,4.758,5.252683010012679,0.4946830100126789
574,2025-11-07 17:26:13,Palestinian Territories,2018,1,0,4.743,4.975828009419587,0.23282800941958648
575,2025-11-07 17:26:13,South Africa,2018,1,0,4.724,5.002737196330108,0.2787371963301082
576,2025-11-07 17:26:13,Iran,2018,1,0,4.707,5.714540916120491,1.0075409161204911
577,2025-11-07 17:26:13,Ivory Coast,2018,1,0,4.671,4.049830823238983,0.6211691767610175
578,2025-11-07 17:26:13,Ghana,2018,1,0,4.657,4.507584544400885,0.14941545559911518
579,2025-11-07 17:26:13,Senegal,2018,1,0,4.631,4.414076500287407,0.2169234997125935
580,2025-11-07 17:26:13,Laos,2018,0,1,4.623,4.8488073789479404,0.22580737894794023
581,2025-11-07 17:26:13,Tunisia,2018,1,0,4.592,5.482040072879336,0.8900400728793363
582,2025-11-07 17:26:13,Albania,2018,0,1,4.586,5.654568968150663,1.0685689681506627
583,2025-11-07 17:26:13,Sierra Leone,2018,0,1,4.571,3.5163336080713172,1.0546663919286825
584,2025-11-07 17:26:13,Congo (Brazzaville),2018,0,1,4.559,4.64730076662033,0.08830076662033015
585,2025-11-07 17:26:13,Bangladesh,2018,1,0,4.5,4.781676098259466,0.2816760982594664
586,2025-11-07 17:26:13,Sri Lanka,2018,1,0,4.471,5.481321018630162,1.0103210186301617
587,2025-11-07 17:26:13,Iraq,2018,1,0,4.456,5.411961417962776,0.9559614179627758
588,2025-11-07 17:26:13,Mali,2018,1,0,4.447,3.9088718609700317,0.5381281390299684
589,2025-11-07 17:26:13,Namibia,2018,0,1,4.441,4.95909605881224,0.5180960588122403
590,2025-11-07 17:26:13,Cambodia,2018,1,0,4.433,4.6242500454908875,0.19125004549088764
591,2025-11-07 17:26:13,Burkina Faso,2018,0,1,4.424,3.979779009252929,0.44422099074707155
592,2025-11-07 17:26:13,Egypt,2018,0,1,4.419,5.255729420100227,0.8367294201002275
593,2025-11-07 17:26:13,Mozambique,2018,1,0,4.417,3.6903257871989874,0.7266742128010124
594,2025-11-07 17:26:13,Kenya,2018,1,0,4.41,4.538410247796092,0.12841024779609178
595,2025-11-07 17:26:13,Zambia,2018,1,0,4.377,4.40129934805052,0.02429934805052003
596,2025-11-07 17:26:13,Mauritania,2018,0,1,4.356,4.3895564608865145,0.03355646088651465
597,2025-11-07 17:26:13,Ethiopia,2018,0,1,4.35,4.175579169460536,0.17442083053946345
598,2025-11-07 17:26:13,Georgia,2018,1,0,4.34,5.34359176606739,1.00359176606739
599,2025-11-07 17:26:13,Armenia,2018,1,0,4.321,5.324170229227001,1.0031702292270008
600,2025-11-07 17:26:13,Myanmar,2018,1,0,4.308,4.775683979516344,0.46768397951634455
601,2025-11-07 17:26:13,Chad,2018,1,0,4.301,3.7436473161502066,0.5573526838497935
602,2025-11-07 17:26:13,Congo (Kinshasa),2018,1,0,4.245,3.549181859738893,0.6958181402611072
603,2025-11-07 17:26:13,India,2018,0,1,4.19,4.915944694051521,0.7259446940515204
604,2025-11-07 17:26:13,Niger,2018,0,1,4.166,3.6646385338225707,0.5013614661774297
605,2025-11-07 17:26:13,Uganda,2018,0,1,4.161,3.966023977074255,0.19497602292574445
606,2025-11-07 17:26:13,Benin,2018,1,0,4.141,4.05186377476905,0.08913622523095022
607,2025-11-07 17:26:13,Sudan,2018,1,0,4.139,4.489151290759983,0.35015129075998264
608,2025-11-07 17:26:13,Ukraine,2018,1,0,4.103,5.205662776213181,1.1026627762131813
609,2025-11-07 17:26:13,Togo,2018,0,1,3.999,3.8983777482706374,0.10062225172936268
610,2025-11-07 17:26:13,Guinea,2018,1,0,3.964,3.9591738207642093,0.004826179235790651
611,2025-11-07 17:26:13,Lesotho,2018,0,1,3.808,3.9480892338756903,0.1400892338756905
612,2025-11-07 17:26:13,Angola,2018,1,0,3.795,4.6065697591423405,0.8115697591423405
613,2025-11-07 17:26:13,Madagascar,2018,1,0,3.774,4.125167770549196,0.35116777054919623
614,2025-11-07 17:26:13,Zimbabwe,2018,0,1,3.692,4.033295906652992,0.3412959066529915
615,2025-11-07 17:26:13,Afghanistan,2018,1,0,3.632,4.0074236880854315,0.37542368808543136
616,2025-11-07 17:26:13,Botswana,2018,0,1,3.59,5.244485043378559,1.6544850433785587
617,2025-11-07 17:26:13,Malawi,2018,0,1,3.587,3.8714373515870157,0.28443735158701555
618,2025-11-07 17:26:13,Haiti,2018,1,0,3.582,4.0334808718441355,0.45148087184413566
619,2025-11-07 17:26:13,Liberia,2018,0,1,3.495,3.6534001915160084,0.15840019151600826
620,2025-11-07 17:26:13,Syria,2018,1,0,3.462,4.950065229969189,1.4880652299691888
621,2025-11-07 17:26:13,Rwanda,2018,1,0,3.408,4.22388375634034,0.8158837563403405
622,2025-11-07 17:26:13,Yemen,2018,1,0,3.355,4.298609422946029,0.9436094229460292
623,2025-11-07 17:26:13,Tanzania,2018,0,1,3.303,4.374224336891742,1.071224336891742
624,2025-11-07 17:26:13,South Sudan,2018,1,0,3.254,3.898247502638075,0.6442475026380752
625,2025-11-07 17:26:13,Central African Republic,2018,1,0,3.083,3.1941935897554634,0.11119358975546323
626,2025-11-07 17:26:13,Burundi,2018,0,1,2.905,3.493068377550143,0.5880683775501434
627,2025-11-07 17:26:13,Finland,2019,0,1,7.769,6.5631846411336205,1.2058153588663796
628,2025-11-07 17:26:13,Denmark,2019,0,1,7.6,6.640586787444571,0.9594132125554289
629,2025-11-07 17:26:13,Norway,2019,1,0,7.554,6.840909748123851,0.7130902518761495
630,2025-11-07 17:26:14,Iceland,2019,1,0,7.494,6.681012987356554,0.812987012643446
631,2025-11-07 17:26:14,Netherlands,2019,1,0,7.488,6.66395271939772,0.8240472806022803
632,2025-11-07 17:26:14,Switzerland,2019,1,0,7.48,6.824433919939034,0.6555660800609662
633,2025-11-07 17:26:14,Sweden,2019,1,0,7.343,6.665805074579238,0.6771949254207623
634,2025-11-07 17:26:14,New Zealand,2019,0,1,7.307,6.569141181261049,0.7378588187389514
635,2025-11-07 17:26:14,Canada,2019,1,0,7.278,6.678626543117005,0.5993734568829945
636,2025-11-07 17:26:14,Austria,2019,0,1,7.246,6.660273184392678,0.5857268156073223
637,2025-11-07 17:26:14,Australia,2019,1,0,7.228,6.684318223136715,0.5436817768632851
638,2025-11-07 17:26:14,Costa Rica,2019,1,0,7.167,6.084268132639487,1.082731867360513
639,2025-11-07 17:26:14,Israel,2019,1,0,7.139,6.5343918892684805,0.6046081107315198
640,2025-11-07 17:26:14,Luxembourg,2019,1,0,7.09,6.992823051648758,0.09717694835124213
641,2025-11-07 17:26:14,United Kingdom,2019,0,1,7.054,6.567942757512425,0.48605724248757554
642,2025-11-07 17:26:14,Ireland,2019,1,0,7.021,6.8135994210579405,0.20740057894205943
643,2025-11-07 17:26:14,Germany,2019,1,0,6.985,6.612622528945767,0.37237747105423313
644,2025-11-07 17:26:14,Belgium,2019,0,1,6.923,6.586430730711907,0.33656926928809305
645,2025-11-07 17:26:14,United States,2019,1,0,6.892,6.531105794431207,0.36089420556879315
646,2025-11-07 17:26:14,Czech Republic,2019,1,0,6.852,6.361503466872566,0.490496533127434
647,2025-11-07 17:26:14,United Arab Emirates,2019,1,0,6.825,6.559658861546623,0.26534113845337703
648,2025-11-07 17:26:14,Malta,2019,1,0,6.726,6.524476181928,0.20152381807200026
649,2025-11-07 17:26:14,Mexico,2019,1,0,6.595,5.984303372383732,0.6106966276162682
650,2025-11-07 17:26:14,France,2019,0,1,6.592,6.628015406914228,0.03601540691422844
651,2025-11-07 17:26:14,Taiwan,2019,0,1,6.446,6.496381677796634,0.050381677796634605
652,2025-11-07 17:26:14,Chile,2019,0,1,6.444,6.201686601021846,0.24231339897815385
653,2025-11-07 17:26:14,Guatemala,2019,1,0,6.436,5.420350384203147,1.0156496157968533
654,2025-11-07 17:26:14,Saudi Arabia,2019,1,0,6.375,6.369585959974419,0.005414040025581102
655,2025-11-07 17:26:14,Qatar,2019,0,1,6.374,6.8913003405197895,0.5173003405197898
656,2025-11-07 17:26:14,Spain,2019,1,0,6.354,6.598184021133614,0.2441840211336137
657,2025-11-07 17:26:14,Panama,2019,1,0,6.321,6.172229514466112,0.1487704855338876
658,2025-11-07 17:26:14,Brazil,2019,0,1,6.3,5.800336397514405,0.4996636024855947
659,2025-11-07 17:26:14,Uruguay,2019,0,1,6.293,6.107543766418361,0.18545623358163876
660,2025-11-07 17:26:14,Singapore,2019,1,0,6.262,7.1316412888429905,0.869641288842991
661,2025-11-07 17:26:14,El Salvador,2019,1,0,6.253,5.475824707059296,0.7771752929407043
662,2025-11-07 17:26:14,Italy,2019,1,0,6.223,6.575472020613358,0.3524720206133578
663,2025-11-07 17:26:14,Bahrain,2019,1,0,6.199,6.4234727877567686,0.2244727877567687
664,2025-11-07 17:26:14,Slovakia,2019,1,0,6.198,6.269866918883494,0.07186691888349372
665,2025-11-07 17:26:14,Trinidad & Tobago,2019,1,0,6.192,5.997278596339543,0.19472140366045743
666,2025-11-07 17:26:14,Poland,2019,1,0,6.182,6.216230179108568,0.03423017910856796
667,2025-11-07 17:26:14,Uzbekistan,2019,1,0,6.174,5.35537023184709,0.8186297681529107
668,2025-11-07 17:26:14,Lithuania,2019,1,0,6.149,6.164195706507735,0.015195706507735274
669,2025-11-07 17:26:14,Colombia,2019,1,0,6.125,5.830951960360475,0.29404803963952464
670,2025-11-07 17:26:14,Slovenia,2019,1,0,6.118,6.394785106166198,0.2767851061661979
671,2025-11-07 17:26:14,Nicaragua,2019,0,1,6.105,5.3992067378138024,0.705793262186198
672,2025-11-07 17:26:14,Kosovo,2019,1,0,6.1,5.55740052997503,0.5425994700249692
673,2025-11-07 17:26:14,Argentina,2019,0,1,6.086,6.046123306692484,0.039876693307515865
674,2025-11-07 17:26:14,Romania,2019,0,1,6.07,6.064226577409386,0.00577342259061453
675,2025-11-07 17:26:14,Cyprus,2019,1,0,6.046,6.534911206226218,0.4889112062262173
676,2025-11-07 17:26:14,Ecuador,2019,0,1,6.028,5.765198034196663,0.2628019658033365
677,2025-11-07 17:26:14,Kuwait,2019,1,0,6.021,6.529922142782878,0.5089221427828781
678,2025-11-07 17:26:14,Thailand,2019,1,0,6.008,5.90598243453217,0.10201756546782992
679,2025-11-07 17:26:14,Latvia,2019,1,0,5.94,6.0811418276353635,0.1411418276353631
680,2025-11-07 17:26:14,South Korea,2019,1,0,5.895,6.581163700633066,0.6861637006330668
681,2025-11-07 17:26:14,Estonia,2019,0,1,5.893,6.246341197097195,0.3533411970971949
682,2025-11-07 17:26:14,Jamaica,2019,1,0,5.89,5.592280067600161,0.29771993239983896
683,2025-11-07 17:26:14,Mauritius,2019,1,0,5.888,5.962899234729262,0.07489923472926208
684,2025-11-07 17:26:14,Japan,2019,0,1,5.886,6.696565655158164,0.8105656551581637
685,2025-11-07 17:26:14,Honduras,2019,1,0,5.86,5.313207150285857,0.5467928497141434
686,2025-11-07 17:26:14,Kazakhstan,2019,1,0,5.809,5.93689677052914,0.12789677052913984
687,2025-11-07 17:26:14,Bolivia,2019,1,0,5.779,5.325768127558501,0.4532318724414992
688,2025-11-07 17:26:14,Hungary,2019,1,0,5.758,6.1253674049272515,0.3673674049272515
689,2025-11-07 17:26:14,Paraguay,2019,1,0,5.743,5.54653648689335,0.1964635131066501
690,2025-11-07 17:26:14,Northern Cyprus,2019,0,1,5.718,6.534911206226218,0.8169112062262176
691,2025-11-07 17:26:14,Peru,2019,1,0,5.697,5.814036710134497,0.11703671013449668
692,2025-11-07 17:26:14,Portugal,2019,1,0,5.693,6.409698614635209,0.7166986146352095
693,2025-11-07 17:26:14,Pakistan,2019,1,0,5.653,4.9266593505577525,0.7263406494422471
694,2025-11-07 17:26:14,Russia,2019,1,0,5.648,5.946947092344778,0.2989470923447781
695,2025-11-07 17:26:14,Philippines,2019,1,0,5.631,5.297658851326841,0.333341148673159
696,2025-11-07 17:26:14,Serbia,2019,1,0,5.603,5.877963456474786,0.2749634564747865
697,2025-11-07 17:26:14,Moldova,2019,1,0,5.529,5.242819318960698,0.28618068103930216
698,2025-11-07 17:26:15,Libya,2019,0,1,5.525,5.665876802116101,0.1408768021161002
699,2025-11-07 17:26:15,Montenegro,2019,0,1,5.523,5.97162692157882,0.44862692157882034
700,2025-11-07 17:26:15,Tajikistan,2019,1,0,5.467,4.932516854825718,0.5344831451742813
701,2025-11-07 17:26:15,Croatia,2019,1,0,5.432,6.186918110285692,0.7549181102856917
702,2025-11-07 17:26:15,Hong Kong,2019,1,0,5.43,6.908591555543162,1.4785915555431624
703,2025-11-07 17:26:15,Dominican Republic,2019,1,0,5.425,5.781983038790077,0.3569830387900774
704,2025-11-07 17:26:15,Bosnia and Herzegovina,2019,0,1,5.386,5.77880804864248,0.39280804864247987
705,2025-11-07 17:26:15,Turkey,2019,0,1,5.373,6.06935899301307,0.69635899301307
706,2025-11-07 17:26:15,Malaysia,2019,1,0,5.339,6.15442501690011,0.8154250169001092
707,2025-11-07 17:26:15,Belarus,2019,0,1,5.323,5.872461110488814,0.5494611104888136
708,2025-11-07 17:26:15,Greece,2019,0,1,5.287,6.351583390689491,1.0645833906894913
709,2025-11-07 17:26:15,Mongolia,2019,1,0,5.285,5.517443296304798,0.23244329630479754
710,2025-11-07 17:26:15,North Macedonia,2019,1,0,5.274,5.823567714992398,0.5495677149923983
711,2025-11-07 17:26:15,Nigeria,2019,1,0,5.265,4.521343945422151,0.7436560545778486
712,2025-11-07 17:26:15,Kyrgyzstan,2019,0,1,5.261,5.02424806983166,0.2367519301683405
713,2025-11-07 17:26:15,Turkmenistan,2019,1,0,5.247,5.653614597994357,0.4066145979943574
714,2025-11-07 17:26:15,Algeria,2019,0,1,5.211,5.772052559349302,0.5610525593493021
715,2025-11-07 17:26:15,Morocco,2019,1,0,5.208,5.475545074851285,0.2675450748512844
716,2025-11-07 17:26:15,Azerbaijan,2019,1,0,5.208,5.807735414982776,0.599735414982776
717,2025-11-07 17:26:15,Lebanon,2019,1,0,5.197,5.795044192077571,0.5980441920775705
718,2025-11-07 17:26:15,Indonesia,2019,1,0,5.192,5.482294529729355,0.2902945297293549
719,2025-11-07 17:26:15,China,2019,1,0,5.191,5.972505765661145,0.7815057656611453
720,2025-11-07 17:26:15,Vietnam,2019,0,1,5.175,5.491377374860907,0.3163773748609069
721,2025-11-07 17:26:15,Bhutan,2019,1,0,5.082,5.227256247901387,0.14525624790138725
722,2025-11-07 17:26:15,Cameroon,2019,1,0,5.044,4.436153710317656,0.6078462896823433
723,2025-11-07 17:26:15,Bulgaria,2019,1,0,5.011,5.947596654935078,0.9365966549350775
724,2025-11-07 17:26:15,Ghana,2019,1,0,4.996,4.75762065625773,0.23837934374227032
725,2025-11-07 17:26:15,Ivory Coast,2019,0,1,4.944,4.317421344654405,0.626578655345595
726,2025-11-07 17:26:15,Nepal,2019,1,0,4.913,4.803025516355355,0.10997448364464546
727,2025-11-07 17:26:15,Jordan,2019,1,0,4.906,5.5771121022811325,0.6711121022811328
728,2025-11-07 17:26:15,Benin,2019,0,1,4.883,4.308030988686767,0.5749690113132333
729,2025-11-07 17:26:15,Congo (Brazzaville),2019,1,0,4.812,4.88054147062606,0.06854147062605964
730,2025-11-07 17:26:15,Gabon,2019,1,0,4.799,5.532495788091557,0.7334957880915569
731,2025-11-07 17:26:15,Laos,2019,1,0,4.796,5.076945211550573,0.2809452115505726
732,2025-11-07 17:26:15,South Africa,2019,1,0,4.722,5.239297908216293,0.5172979082162925
733,2025-11-07 17:26:15,Albania,2019,0,1,4.719,5.825005823490747,1.1060058234907464
734,2025-11-07 17:26:15,Venezuela,2019,0,1,4.707,5.740888135344908,1.0338881353449079
735,2025-11-07 17:26:15,Cambodia,2019,0,1,4.7,4.929281110704432,0.2292811107044317
736,2025-11-07 17:26:15,Palestinian Territories,2019,1,0,4.696,5.102119182384358,0.4061191823843586
737,2025-11-07 17:26:15,Senegal,2019,1,0,4.681,4.650597264715303,0.030402735284696725
738,2025-11-07 17:26:15,Somalia,2019,1,0,4.668,3.544474094076077,1.1235259059239233
739,2025-11-07 17:26:15,Namibia,2019,0,1,4.639,5.13355720418166,0.4945572041816595
740,2025-11-07 17:26:15,Niger,2019,1,0,4.628,3.8912687662679795,0.7367312337320207
741,2025-11-07 17:26:15,Burkina Faso,2019,1,0,4.587,4.192574314603089,0.3944256853969108
742,2025-11-07 17:26:15,Armenia,2019,0,1,4.559,5.595999550063491,1.0369995500634905
743,2025-11-07 17:26:15,Iran,2019,1,0,4.548,5.914434858016309,1.3664348580163086
744,2025-11-07 17:26:15,Guinea,2019,1,0,4.534,4.2563013236519405,0.27769867634805934
745,2025-11-07 17:26:15,Georgia,2019,0,1,4.519,5.55425508402802,1.0352550840280195
746,2025-11-07 17:26:15,Gambia,2019,1,0,4.516,4.230813807566961,0.2851861924330388
747,2025-11-07 17:26:15,Kenya,2019,1,0,4.509,4.755604142400468,0.2466041424004679
748,2025-11-07 17:26:15,Mauritania,2019,1,0,4.49,4.702531035884161,0.21253103588416078
749,2025-11-07 17:26:15,Mozambique,2019,0,1,4.466,4.022986759144742,0.44301324085525806
750,2025-11-07 17:26:15,Tunisia,2019,1,0,4.461,5.699154072567138,1.2381540725671378
751,2025-11-07 17:26:15,Bangladesh,2019,0,1,4.456,5.040229756416732,0.5842297564167316
752,2025-11-07 17:26:15,Iraq,2019,1,0,4.437,5.516633943881347,1.0796339438813467
753,2025-11-07 17:26:15,Congo (Kinshasa),2019,1,0,4.418,3.813906567415317,0.604093432584683
754,2025-11-07 17:26:15,Mali,2019,1,0,4.39,4.163546246830818,0.22645375316918148
755,2025-11-07 17:26:15,Sierra Leone,2019,1,0,4.374,3.8950325650321895,0.47896743496781014
756,2025-11-07 17:26:15,Sri Lanka,2019,1,0,4.366,5.763719978240026,1.3977199782400263
757,2025-11-07 17:26:15,Myanmar,2019,1,0,4.36,5.004460971451577,0.6444609714515765
758,2025-11-07 17:26:15,Chad,2019,1,0,4.35,3.939527371274389,0.41047262872561063
759,2025-11-07 17:26:15,Ukraine,2019,1,0,4.332,5.438958199777492,1.106958199777492
760,2025-11-07 17:26:15,Ethiopia,2019,1,0,4.286,4.426748582249725,0.1407485822497252
761,2025-11-07 17:26:15,Swaziland,2019,1,0,4.212,4.322682340318139,0.11068234031813962
762,2025-11-07 17:26:15,Uganda,2019,1,0,4.189,4.288075362788347,0.09907536278834694
763,2025-11-07 17:26:15,Egypt,2019,0,1,4.166,5.432257430042895,1.266257430042895
764,2025-11-07 17:26:15,Zambia,2019,1,0,4.107,4.6201059130866895,0.5131059130866893
765,2025-11-07 17:26:15,Togo,2019,1,0,4.085,4.155997842786997,0.07099784278699683
766,2025-11-07 17:26:15,India,2019,1,0,4.015,5.119103924269211,1.1041039242692117
767,2025-11-07 17:26:16,Liberia,2019,1,0,3.975,3.9117792877398303,0.06322071226016979
768,2025-11-07 17:26:16,Comoros,2019,1,0,3.973,4.296363627596742,0.3233636275967422
769,2025-11-07 17:26:16,Madagascar,2019,0,1,3.933,4.371005030443262,0.43800503044326256
770,2025-11-07 17:26:16,Lesotho,2019,1,0,3.802,4.105649901119426,0.3036499011194258
771,2025-11-07 17:26:16,Burundi,2019,1,0,3.775,3.778503343989856,0.003503343989855967
772,2025-11-07 17:26:16,Zimbabwe,2019,1,0,3.663,4.3225450225729025,0.6595450225729027
773,2025-11-07 17:26:16,Haiti,2019,0,1,3.597,4.283956405742144,0.6869564057421438
774,2025-11-07 17:26:16,Botswana,2019,1,0,3.488,5.459986372634567,1.9719863726345674
775,2025-11-07 17:26:16,Syria,2019,0,1,3.462,4.700573610428075,1.2385736104280745
776,2025-11-07 17:26:16,Malawi,2019,1,0,3.41,4.160846257340076,0.7508462573400756
777,2025-11-07 17:26:16,Yemen,2019,1,0,3.38,4.252552296988023,0.8725522969880233
778,2025-11-07 17:26:16,Rwanda,2019,0,1,3.334,4.582576736686804,1.2485767366868044
779,2025-11-07 17:26:16,Tanzania,2019,0,1,3.231,4.58088854018103,1.3498885401810305
780,2025-11-07 17:26:16,Afghanistan,2019,1,0,3.203,4.191815312895627,0.988815312895627
781,2025-11-07 17:26:16,Central African Republic,2019,0,1,3.083,3.3389180163611374,0.2559180163611372
782,2025-11-07 17:26:16,South Sudan,2019,1,0,2.853,4.029361914797931,1.1763619147979312
