country,year,region,happiness_score,gdp_per_capita,healthy_life_expectancy,freedom,generosity,dystopia_residual,social_support,perceptions_of_corruption,is_train,is_test,actual
Switzerland,2015,Western Europe,7.587,1.39651,0.94143,0.66557,0.29678,2.51738,,,1,0,7.587
Iceland,2015,Western Europe,7.561,1.30232,0.94784,0.62877,0.4363,2.70201,,,1,0,7.561
Denmark,2015,Western Europe,7.527,1.32548,0.87464,0.64938,0.34139,2.49204,,,0,1,7.527
Norway,2015,Western Europe,7.522,1.459,0.88521,0.66973,0.34699,2.46531,,,1,0,7.522
Canada,2015,North America,7.427,1.32629,0.90563,0.63297,0.45811,2.45176,,,1,0,7.427
Finland,2015,Western Europe,7.406,1.29025,0.88911,0.64169,0.23351,2.61955,,,1,0,7.406
Netherlands,2015,Western Europe,7.378,1.32944,0.89284,0.61576,0.4761,2.4657,,,0,1,7.378
Sweden,2015,Western Europe,7.364,1.33171,0.91087,0.6598,0.36262,2.37119,,,0,1,7.364
New Zealand,2015,Australia and New Zealand,7.286,1.25018,0.90837,0.63938,0.47501,2.26425,,,1,0,7.286
Australia,2015,Australia and New Zealand,7.284,1.33358,0.93156,0.65124,0.43562,2.26646,,,1,0,7.284
Israel,2015,Middle East and Northern Africa,7.278,1.22857,0.91387,0.41319,0.33172,3.08854,,,0,1,7.278
Costa Rica,2015,Latin America and Caribbean,7.226,0.95578,0.86027,0.63376,0.25497,3.17728,,,1,0,7.226
Austria,2015,Western Europe,7.2,1.33723,0.89042,0.62433,0.33088,2.5332,,,1,0,7.2
Mexico,2015,Latin America and Caribbean,7.187,1.02054,0.81444,0.48181,0.14074,3.60214,,,1,0,7.187
United States,2015,North America,7.119,1.39451,0.86179,0.54604,0.40105,2.51011,,,1,0,7.119
Brazil,2015,Latin America and Caribbean,6.983,0.98124,0.69702,0.49049,0.14574,3.26001,,,1,0,6.983
Luxembourg,2015,Western Europe,6.946,1.56391,0.91894,0.61583,0.28034,1.96961,,,1,0,6.946
Ireland,2015,Western Europe,6.94,1.33596,0.89533,0.61777,0.45901,1.9757,,,1,0,6.94
Belgium,2015,Western Europe,6.937,1.30782,0.89667,0.5845,0.2225,2.41484,,,1,0,6.937
United Arab Emirates,2015,Middle East and Northern Africa,6.901,1.42727,0.80925,0.64157,0.26428,2.24743,,,1,0,6.901
United Kingdom,2015,Western Europe,6.867,1.26637,0.90943,0.59625,0.51912,1.96994,,,1,0,6.867
Oman,2015,Middle East and Northern Africa,6.853,1.36011,0.76276,0.63274,0.21542,2.47489,,,1,0,6.853
Venezuela,2015,Latin America and Caribbean,6.81,1.04424,0.72052,0.42908,0.05841,3.19131,,,1,0,6.81
Singapore,2015,Southeastern Asia,6.798,1.52186,1.02525,0.54252,0.31105,1.88501,,,0,1,6.798
Panama,2015,Latin America and Caribbean,6.786,1.06353,0.79661,0.5421,0.24434,2.84848,,,1,0,6.786
Germany,2015,Western Europe,6.75,1.32792,0.89186,0.61477,0.28214,2.11569,,,1,0,6.75
Chile,2015,Latin America and Caribbean,6.67,1.10715,0.85857,0.44132,0.33363,2.67585,,,1,0,6.67
Qatar,2015,Middle East and Northern Africa,6.611,1.69042,0.79733,0.6404,0.32573,1.55674,,,1,0,6.611
France,2015,Western Europe,6.575,1.27778,0.94579,0.55011,0.12332,2.21126,,,0,1,6.575
Argentina,2015,Latin America and Caribbean,6.574,1.05351,0.78723,0.44974,0.11451,2.836,,,0,1,6.574
Czech Republic,2015,Central and Eastern Europe,6.505,1.17898,0.84483,0.46364,0.10686,2.67782,,,0,1,6.505
Uruguay,2015,Latin America and Caribbean,6.485,1.06166,0.8116,0.60362,0.2324,2.32142,,,0,1,6.485
Colombia,2015,Latin America and Caribbean,6.477,0.91861,0.69077,0.53466,0.18401,2.85737,,,1,0,6.477
Thailand,2015,Southeastern Asia,6.455,0.9669,0.7385,0.55664,0.5763,2.31945,,,0,1,6.455
Saudi Arabia,2015,Middle East and Northern Africa,6.411,1.39541,0.72025,0.31048,0.13706,2.43872,,,1,0,6.411
Spain,2015,Western Europe,6.329,1.23011,0.95562,0.45951,0.18227,2.12367,,,1,0,6.329
Malta,2015,Western Europe,6.302,1.2074,0.88721,0.60365,0.51752,1.6488,,,1,0,6.302
Taiwan,2015,Eastern Asia,6.298,1.29098,0.8753,0.3974,0.25376,2.32323,,,1,0,6.298
Kuwait,2015,Middle East and Northern Africa,6.295,1.55422,0.72492,0.55499,0.16228,1.87634,,,1,0,6.295
Suriname,2015,Latin America and Caribbean,6.269,0.99534,0.6082,0.59657,0.16991,2.79094,,,0,1,6.269
Trinidad and Tobago,2015,Latin America and Caribbean,6.168,1.21183,0.61483,0.55884,0.31844,2.26882,,,1,0,6.168
El Salvador,2015,Latin America and Caribbean,6.13,0.76454,0.67737,0.4035,0.10692,3.035,,,0,1,6.13
Guatemala,2015,Latin America and Caribbean,6.123,0.74553,0.64425,0.57733,0.27489,2.74255,,,1,0,6.123
Uzbekistan,2015,Central and Eastern Europe,6.003,0.63244,0.59772,0.65821,0.22837,2.23741,,,1,0,6.003
Slovakia,2015,Central and Eastern Europe,5.995,1.16891,0.78902,0.31751,0.16893,2.24639,,,0,1,5.995
Japan,2015,Eastern Asia,5.987,1.27074,0.99111,0.49615,0.10705,1.68435,,,1,0,5.987
South Korea,2015,Eastern Asia,5.984,1.24461,0.96538,0.33208,0.18557,2.21978,,,1,0,5.984
Ecuador,2015,Latin America and Caribbean,5.975,0.86402,0.79075,0.48574,0.11541,2.53942,,,1,0,5.975
Bahrain,2015,Middle East and Northern Africa,5.96,1.32376,0.74716,0.45492,0.17362,1.73797,,,1,0,5.96
Italy,2015,Western Europe,5.948,1.25114,0.95446,0.26236,0.22823,2.02518,,,0,1,5.948
Bolivia,2015,Latin America and Caribbean,5.89,0.68133,0.5392,0.57414,0.20536,2.82334,,,1,0,5.89
Moldova,2015,Central and Eastern Europe,5.889,0.59448,0.61826,0.32818,0.20951,3.10712,,,1,0,5.889
Paraguay,2015,Latin America and Caribbean,5.878,0.75985,0.66098,0.53899,0.3424,2.18896,,,1,0,5.878
Kazakhstan,2015,Central and Eastern Europe,5.855,1.12254,0.64368,0.51649,0.11827,2.24729,,,1,0,5.855
Slovenia,2015,Central and Eastern Europe,5.848,1.18498,0.87337,0.60855,0.25328,1.61583,,,0,1,5.848
Lithuania,2015,Central and Eastern Europe,5.833,1.14723,0.73128,0.21342,0.02641,2.44649,,,0,1,5.833
Nicaragua,2015,Latin America and Caribbean,5.828,0.59325,0.74314,0.55475,0.27815,2.32407,,,0,1,5.828
Peru,2015,Latin America and Caribbean,5.824,0.90019,0.73017,0.41496,0.14982,2.5945,,,1,0,5.824
Belarus,2015,Central and Eastern Europe,5.813,1.03192,0.73608,0.37938,0.11046,2.1309,,,1,0,5.813
Poland,2015,Central and Eastern Europe,5.791,1.12555,0.77903,0.53122,0.16759,1.86565,,,1,0,5.791
Malaysia,2015,Southeastern Asia,5.77,1.12486,0.72394,0.53024,0.33075,1.88541,,,0,1,5.77
Croatia,2015,Central and Eastern Europe,5.759,1.08254,0.78805,0.25883,0.05444,2.75414,,,1,0,5.759
Libya,2015,Middle East and Northern Africa,5.754,1.13145,0.7038,0.41668,0.18295,2.09066,,,1,0,5.754
Russia,2015,Central and Eastern Europe,5.716,1.13764,0.66926,0.36679,0.00199,2.27394,,,0,1,5.716
Jamaica,2015,Latin America and Caribbean,5.709,0.81038,0.68741,0.50442,0.2123,2.32038,,,1,0,5.709
North Cyprus,2015,Western Europe,5.695,1.20806,0.92356,0.49027,0.26169,1.59888,,,0,1,5.695
Cyprus,2015,Western Europe,5.689,1.20813,0.92356,0.40672,0.30638,1.88931,,,0,1,5.689
Algeria,2015,Middle East and Northern Africa,5.605,0.93929,0.61766,0.28579,0.07822,2.43209,,,0,1,5.605
Kosovo,2015,Central and Eastern Europe,5.589,0.80148,0.63132,0.24749,0.2831,2.76579,,,1,0,5.589
Turkmenistan,2015,Central and Eastern Europe,5.548,0.95847,0.53886,0.4761,0.16979,1.86984,,,0,1,5.548
Mauritius,2015,Sub-Saharan Africa,5.477,1.00761,0.7095,0.56066,0.37744,1.76145,,,0,1,5.477
Hong Kong,2015,Eastern Asia,5.474,1.38604,1.01328,0.59608,0.39478,0.65429,,,1,0,5.474
Estonia,2015,Central and Eastern Europe,5.429,1.15174,0.77361,0.44888,0.0868,1.58782,,,0,1,5.429
Indonesia,2015,Southeastern Asia,5.399,0.82827,0.63793,0.46611,0.51535,1.86399,,,0,1,5.399
Vietnam,2015,Southeastern Asia,5.36,0.63216,0.74676,0.59444,0.1686,2.20173,,,1,0,5.36
Turkey,2015,Middle East and Northern Africa,5.332,1.06098,0.73172,0.22815,0.12253,2.08528,,,1,0,5.332
Kyrgyzstan,2015,Central and Eastern Europe,5.286,0.47428,0.65088,0.43477,0.3003,2.2327,,,0,1,5.286
Nigeria,2015,Sub-Saharan Africa,5.268,0.65435,0.16007,0.34334,0.27233,2.89319,,,0,1,5.268
Bhutan,2015,Southern Asia,5.253,0.77042,0.57407,0.53206,0.47998,1.63794,,,0,1,5.253
Azerbaijan,2015,Central and Eastern Europe,5.212,1.02389,0.64045,0.3703,0.07799,2.00073,,,0,1,5.212
Pakistan,2015,Southern Asia,5.194,0.59543,0.51466,0.12102,0.33671,3.10709,,,1,0,5.194
Jordan,2015,Middle East and Northern Africa,5.192,0.90198,0.69639,0.40661,0.11053,1.87996,,,0,1,5.192
Montenegro,2015,Central and Eastern Europe,5.192,0.97438,0.72521,0.1826,0.1614,2.10017,,,1,0,5.192
China,2015,Eastern Asia,5.14,0.89012,0.81658,0.51697,0.08185,1.8604,,,1,0,5.14
Zambia,2015,Sub-Saharan Africa,5.129,0.47038,0.29924,0.48827,0.19591,2.6343,,,0,1,5.129
Romania,2015,Central and Eastern Europe,5.124,1.04345,0.7689,0.35068,0.13748,1.93129,,,1,0,5.124
Serbia,2015,Central and Eastern Europe,5.123,0.92053,0.74836,0.20107,0.19231,2.025,,,0,1,5.123
Portugal,2015,Western Europe,5.102,1.15991,0.87519,0.51469,0.13719,1.26462,,,1,0,5.102
Latvia,2015,Central and Eastern Europe,5.098,1.11312,0.72437,0.29671,0.18226,1.62215,,,1,0,5.098
Philippines,2015,Southeastern Asia,5.073,0.70532,0.58114,0.62545,0.24991,1.7536,,,1,0,5.073
Somaliland region,2015,Sub-Saharan Africa,5.057,0.18847,0.43873,0.46582,0.50318,2.11032,,,0,1,5.057
Morocco,2015,Middle East and Northern Africa,5.013,0.73479,0.60954,0.41691,0.07172,2.45373,,,1,0,5.013
Macedonia,2015,Central and Eastern Europe,5.007,0.91851,0.73545,0.33457,0.22359,1.73933,,,1,0,5.007
Mozambique,2015,Sub-Saharan Africa,4.971,0.08308,0.09131,0.34037,0.22269,3.05137,,,1,0,4.971
Albania,2015,Central and Eastern Europe,4.959,0.87867,0.81325,0.35733,0.14272,1.89894,,,1,0,4.959
Bosnia and Herzegovina,2015,Central and Eastern Europe,4.949,0.83223,0.79081,0.09245,0.24808,2.06367,,,1,0,4.949
Lesotho,2015,Sub-Saharan Africa,4.898,0.37545,0.07612,0.31767,0.16388,2.79832,,,1,0,4.898
Dominican Republic,2015,Latin America and Caribbean,4.885,0.89537,0.66825,0.57672,0.21684,1.21305,,,0,1,4.885
Laos,2015,Southeastern Asia,4.876,0.59066,0.54909,0.59591,0.42192,1.73799,,,1,0,4.876
Mongolia,2015,Eastern Asia,4.874,0.82819,0.60268,0.43626,0.3323,1.34759,,,1,0,4.874
Swaziland,2015,Sub-Saharan Africa,4.867,0.71206,0.07566,0.30658,0.18259,2.48676,,,1,0,4.867
Greece,2015,Western Europe,4.857,1.15406,0.88213,0.07699,0.0,1.80101,,,0,1,4.857
Lebanon,2015,Middle East and Northern Africa,4.839,1.02564,0.83947,0.33916,0.21854,1.57059,,,1,0,4.839
Hungary,2015,Central and Eastern Europe,4.8,1.12094,0.75905,0.32112,0.128,1.24074,,,1,0,4.8
Honduras,2015,Latin America and Caribbean,4.788,0.59532,0.6951,0.40148,0.23027,1.84408,,,1,0,4.788
Tajikistan,2015,Central and Eastern Europe,4.786,0.39047,0.57379,0.47216,0.22974,2.11399,,,1,0,4.786
Tunisia,2015,Middle East and Northern Africa,4.739,0.88113,0.73793,0.26268,0.06431,2.12466,,,1,0,4.739
Palestinian Territories,2015,Middle East and Northern Africa,4.715,0.59867,0.66015,0.24499,0.11251,2.04384,,,1,0,4.715
Bangladesh,2015,Southern Asia,4.694,0.39753,0.60164,0.4082,0.21222,2.51767,,,0,1,4.694
Iran,2015,Middle East and Northern Africa,4.686,1.0088,0.69805,0.30033,0.38086,1.6944,,,0,1,4.686
Ukraine,2015,Central and Eastern Europe,4.681,0.79907,0.6739,0.25123,0.15275,1.5714,,,1,0,4.681
Iraq,2015,Middle East and Northern Africa,4.677,0.98549,0.60237,0.0,0.17922,1.95335,,,1,0,4.677
South Africa,2015,Sub-Saharan Africa,4.642,0.92049,0.27688,0.33207,0.11973,1.71956,,,1,0,4.642
Ghana,2015,Sub-Saharan Africa,4.633,0.54558,0.40132,0.42342,0.23087,2.30919,,,1,0,4.633
Zimbabwe,2015,Sub-Saharan Africa,4.61,0.271,0.33475,0.25861,0.18987,2.44191,,,1,0,4.61
Liberia,2015,Sub-Saharan Africa,4.571,0.0712,0.34201,0.28531,0.24362,2.77729,,,1,0,4.571
India,2015,Southern Asia,4.565,0.64499,0.51529,0.39786,0.26475,2.27513,,,1,0,4.565
Sudan,2015,Sub-Saharan Africa,4.55,0.52107,0.36878,0.10081,0.19062,2.20857,,,1,0,4.55
Haiti,2015,Latin America and Caribbean,4.518,0.26673,0.38847,0.24425,0.46187,2.24173,,,0,1,4.518
Congo (Kinshasa),2015,Sub-Saharan Africa,4.517,0.0,0.09806,0.22605,0.24834,2.86712,,,1,0,4.517
Nepal,2015,Southern Asia,4.514,0.35997,0.56874,0.38282,0.32296,1.95637,,,0,1,4.514
Ethiopia,2015,Sub-Saharan Africa,4.512,0.19073,0.44055,0.4345,0.24325,2.44876,,,1,0,4.512
Sierra Leone,2015,Sub-Saharan Africa,4.507,0.33024,0.0,0.4084,0.21488,2.51009,,,1,0,4.507
Mauritania,2015,Sub-Saharan Africa,4.436,0.45407,0.35874,0.24232,0.219,2.11773,,,1,0,4.436
Kenya,2015,Sub-Saharan Africa,4.419,0.36471,0.41435,0.42215,0.37542,1.78555,,,1,0,4.419
Djibouti,2015,Sub-Saharan Africa,4.369,0.44025,0.36291,0.46074,0.18093,2.05125,,,1,0,4.369
Armenia,2015,Central and Eastern Europe,4.35,0.76821,0.7299,0.19847,0.07855,1.75873,,,1,0,4.35
Botswana,2015,Sub-Saharan Africa,4.332,0.99355,0.04776,0.49495,0.10461,1.46181,,,1,0,4.332
Myanmar,2015,Southeastern Asia,4.307,0.27108,0.48246,0.44017,0.79588,1.41805,,,1,0,4.307
Georgia,2015,Central and Eastern Europe,4.297,0.7419,0.72926,0.40577,0.05547,1.59541,,,1,0,4.297
Malawi,2015,Sub-Saharan Africa,4.292,0.01604,0.22562,0.43054,0.33128,2.80791,,,1,0,4.292
Sri Lanka,2015,Southern Asia,4.271,0.83524,0.70806,0.53726,0.40828,0.67108,,,0,1,4.271
Cameroon,2015,Sub-Saharan Africa,4.252,0.4225,0.23402,0.49309,0.20618,1.95071,,,0,1,4.252
Bulgaria,2015,Central and Eastern Europe,4.218,1.01216,0.76649,0.30587,0.11921,0.89991,,,0,1,4.218
Egypt,2015,Middle East and Northern Africa,4.194,0.8818,0.61712,0.17288,0.11291,1.59927,,,1,0,4.194
Yemen,2015,Middle East and Northern Africa,4.077,0.54649,0.40064,0.35571,0.09131,1.92313,,,0,1,4.077
Angola,2015,Sub-Saharan Africa,4.033,0.75778,0.16683,0.10384,0.12344,1.94939,,,0,1,4.033
Mali,2015,Sub-Saharan Africa,3.995,0.26074,0.20583,0.38857,0.18798,1.79293,,,0,1,3.995
Congo (Brazzaville),2015,Sub-Saharan Africa,3.989,0.67866,0.31051,0.41466,0.12388,1.68135,,,1,0,3.989
Comoros,2015,Sub-Saharan Africa,3.956,0.23906,0.36315,0.22917,0.17441,1.95812,,,1,0,3.956
Uganda,2015,Sub-Saharan Africa,3.931,0.21102,0.33861,0.45727,0.29066,1.42766,,,0,1,3.931
Senegal,2015,Sub-Saharan Africa,3.904,0.36498,0.4354,0.36772,0.20843,1.44395,,,1,0,3.904
Gabon,2015,Sub-Saharan Africa,3.896,1.06024,0.43372,0.31914,0.06822,0.99895,,,1,0,3.896
Niger,2015,Sub-Saharan Africa,3.845,0.0694,0.29707,0.47692,0.19387,1.87877,,,1,0,3.845
Cambodia,2015,Southeastern Asia,3.819,0.46038,0.61114,0.66246,0.40359,0.98195,,,1,0,3.819
Tanzania,2015,Sub-Saharan Africa,3.781,0.2852,0.38215,0.32878,0.34377,1.38079,,,0,1,3.781
Madagascar,2015,Sub-Saharan Africa,3.681,0.20824,0.46721,0.19184,0.21333,1.851,,,1,0,3.681
Central African Republic,2015,Sub-Saharan Africa,3.678,0.0785,0.06699,0.48879,0.23835,2.7223,,,1,0,3.678
Chad,2015,Sub-Saharan Africa,3.667,0.34193,0.1501,0.23501,0.18386,1.94296,,,0,1,3.667
Guinea,2015,Sub-Saharan Africa,3.656,0.17417,0.24009,0.37725,0.28657,1.99172,,,1,0,3.656
Ivory Coast,2015,Sub-Saharan Africa,3.655,0.46534,0.15185,0.46866,0.20165,1.41723,,,1,0,3.655
Burkina Faso,2015,Sub-Saharan Africa,3.587,0.25812,0.27125,0.39493,0.21747,1.46494,,,1,0,3.587
Afghanistan,2015,Southern Asia,3.575,0.31982,0.30335,0.23414,0.3651,1.9521,,,1,0,3.575
Rwanda,2015,Sub-Saharan Africa,3.465,0.22208,0.42864,0.59201,0.22628,0.67042,,,1,0,3.465
Benin,2015,Sub-Saharan Africa,3.34,0.28665,0.3191,0.4845,0.1826,1.63328,,,1,0,3.34
Syria,2015,Middle East and Northern Africa,3.006,0.6632,0.72193,0.15684,0.47179,0.32858,,,0,1,3.006
Burundi,2015,Sub-Saharan Africa,2.905,0.0153,0.22396,0.1185,0.19727,1.83302,,,1,0,2.905
Togo,2015,Sub-Saharan Africa,2.839,0.20868,0.28443,0.36453,0.16681,1.56726,,,1,0,2.839
Denmark,2016,Western Europe,7.526,1.44178,0.79504,0.57941,0.36171,2.73939,,,0,1,7.526
Switzerland,2016,Western Europe,7.509,1.52733,0.86303,0.58557,0.28083,2.69463,,,1,0,7.509
Iceland,2016,Western Europe,7.501,1.42666,0.86733,0.56624,0.47678,2.83137,,,1,0,7.501
Norway,2016,Western Europe,7.498,1.57744,0.79579,0.59609,0.37895,2.66465,,,1,0,7.498
Finland,2016,Western Europe,7.413,1.40598,0.81091,0.57104,0.25492,2.82596,,,1,0,7.413
Canada,2016,North America,7.404,1.44015,0.8276,0.5737,0.44834,2.70485,,,1,0,7.404
Netherlands,2016,Western Europe,7.339,1.46468,0.81231,0.55211,0.47416,2.70749,,,0,1,7.339
New Zealand,2016,Australia and New Zealand,7.334,1.36066,0.83096,0.58147,0.49401,2.47553,,,0,1,7.334
Australia,2016,Australia and New Zealand,7.313,1.44443,0.8512,0.56837,0.47407,2.5465,,,1,0,7.313
Sweden,2016,Western Europe,7.291,1.45181,0.83121,0.58218,0.38254,2.54734,,,1,0,7.291
Israel,2016,Middle East and Northern Africa,7.267,1.33766,0.84917,0.36432,0.32288,3.31029,,,0,1,7.267
Austria,2016,Western Europe,7.119,1.45038,0.80565,0.54355,0.32865,2.69343,,,1,0,7.119
United States,2016,North America,7.104,1.50796,0.779,0.48163,0.41077,2.72782,,,1,0,7.104
Costa Rica,2016,Latin America and Caribbean,7.087,1.06879,0.76146,0.55225,0.22553,3.35168,,,1,0,7.087
Puerto Rico,2016,Latin America and Caribbean,7.039,1.35943,0.77758,0.46823,0.22202,3.0076,,,1,0,7.039
Germany,2016,Western Europe,6.994,1.44787,0.81487,0.53466,0.30452,2.50931,,,1,0,6.994
Brazil,2016,Latin America and Caribbean,6.952,1.08754,0.61415,0.40425,0.15776,3.50733,,,0,1,6.952
Belgium,2016,Western Europe,6.929,1.42539,0.81959,0.51354,0.2424,2.61355,,,1,0,6.929
Ireland,2016,Western Europe,6.907,1.48341,0.81455,0.54008,0.44963,2.15988,,,1,0,6.907
Luxembourg,2016,Western Europe,6.871,1.69752,0.84542,0.5487,0.27571,2.11055,,,1,0,6.871
Mexico,2016,Latin America and Caribbean,6.778,1.11508,0.71143,0.37709,0.11735,3.55906,,,1,0,6.778
Singapore,2016,Southeastern Asia,6.739,1.64555,0.94719,0.4877,0.32706,1.99375,,,1,0,6.739
United Kingdom,2016,Western Europe,6.725,1.40283,0.80991,0.50036,0.50156,2.14999,,,1,0,6.725
Chile,2016,Latin America and Caribbean,6.705,1.2167,0.81883,0.37789,0.31595,2.95505,,,0,1,6.705
Panama,2016,Latin America and Caribbean,6.701,1.18306,0.70835,0.48927,0.2418,3.00559,,,1,0,6.701
Argentina,2016,Latin America and Caribbean,6.65,1.15137,0.69711,0.42284,0.10989,3.12985,,,1,0,6.65
Czech Republic,2016,Central and Eastern Europe,6.596,1.30915,0.76376,0.41418,0.09929,2.96211,,,1,0,6.596
United Arab Emirates,2016,Middle East and Northern Africa,6.573,1.57352,0.72993,0.56215,0.26591,2.21507,,,1,0,6.573
Uruguay,2016,Latin America and Caribbean,6.545,1.18157,0.72183,0.54388,0.18056,2.67139,,,1,0,6.545
Malta,2016,Western Europe,6.488,1.30782,0.80315,0.54994,0.56237,1.99032,,,1,0,6.488
Colombia,2016,Latin America and Caribbean,6.481,1.03032,0.59659,0.44735,0.15626,3.17471,,,1,0,6.481
France,2016,Western Europe,6.478,1.39488,0.83795,0.46562,0.1216,2.4744,,,1,0,6.478
Thailand,2016,Southeastern Asia,6.474,1.0893,0.64915,0.49553,0.58696,2.5796,,,1,0,6.474
Saudi Arabia,2016,Middle East and Northern Africa,6.379,1.48953,0.59267,0.37904,0.15457,2.61482,,,1,0,6.379
Taiwan,2016,Eastern Asia,6.379,1.39729,0.79565,0.32377,0.25495,2.61523,,,0,1,6.379
Qatar,2016,Middle East and Northern Africa,6.375,1.82427,0.71723,0.56679,0.32388,1.58224,,,0,1,6.375
Spain,2016,Western Europe,6.361,1.34253,0.87896,0.37545,0.17665,2.39663,,,1,0,6.361
Algeria,2016,Middle East and Northern Africa,6.355,1.05266,0.61804,0.21006,0.07044,3.40904,,,1,0,6.355
Guatemala,2016,Latin America and Caribbean,6.324,0.83454,0.54039,0.50379,0.28808,3.19863,,,0,1,6.324
Suriname,2016,Latin America and Caribbean,6.269,1.09686,0.50933,0.52234,0.16665,3.06852,,,1,0,6.269
Kuwait,2016,Middle East and Northern Africa,6.239,1.61714,0.63569,0.43166,0.15965,2.28085,,,1,0,6.239
Bahrain,2016,Middle East and Northern Africa,6.218,1.44024,0.65696,0.47375,0.17147,2.27405,,,0,1,6.218
Trinidad and Tobago,2016,Latin America and Caribbean,6.168,1.32572,0.52608,0.48453,0.31935,2.51394,,,1,0,6.168
Venezuela,2016,Latin America and Caribbean,6.084,1.13367,0.61904,0.19847,0.0425,2.97468,,,1,0,6.084
Slovakia,2016,Central and Eastern Europe,6.078,1.27973,0.70367,0.23391,0.13837,2.61065,,,1,0,6.078
El Salvador,2016,Latin America and Caribbean,6.068,0.8737,0.596,0.37269,0.08877,3.22134,,,1,0,6.068
Malaysia,2016,Southeastern Asia,6.005,1.25142,0.62366,0.39031,0.41474,2.35384,,,0,1,6.005
Nicaragua,2016,Latin America and Caribbean,5.992,0.69384,0.65213,0.46582,0.29773,2.82428,,,1,0,5.992
Uzbekistan,2016,Central and Eastern Europe,5.987,0.73591,0.50163,0.60848,0.34326,2.34638,,,1,0,5.987
Italy,2016,Western Europe,5.977,1.35495,0.85102,0.18827,0.16684,2.34918,,,1,0,5.977
Ecuador,2016,Latin America and Caribbean,5.976,0.97306,0.68613,0.4027,0.10074,2.77366,,,0,1,5.976
Belize,2016,Latin America and Caribbean,5.956,0.87616,0.45569,0.51231,0.23684,3.08039,,,0,1,5.956
Japan,2016,Eastern Asia,5.921,1.38007,0.91491,0.46761,0.10224,1.80584,,,0,1,5.921
Kazakhstan,2016,Central and Eastern Europe,5.919,1.22943,0.57386,0.4052,0.15011,2.49325,,,0,1,5.919
Moldova,2016,Central and Eastern Europe,5.897,0.69177,0.52309,0.25202,0.19997,3.38007,,,0,1,5.897
Russia,2016,Central and Eastern Europe,5.856,1.23228,0.58991,0.32682,0.02736,2.59115,,,0,1,5.856
Poland,2016,Central and Eastern Europe,5.835,1.24585,0.69058,0.4519,0.14443,2.20035,,,1,0,5.835
South Korea,2016,Eastern Asia,5.835,1.35948,0.88645,0.25168,0.18824,2.35015,,,0,1,5.835
Bolivia,2016,Latin America and Caribbean,5.822,0.79422,0.4697,0.50961,0.21698,2.91635,,,1,0,5.822
Lithuania,2016,Central and Eastern Europe,5.813,1.2692,0.64674,0.18929,0.02025,2.60525,,,1,0,5.813
Belarus,2016,Central and Eastern Europe,5.802,1.13062,0.63104,0.29091,0.13942,2.38582,,,0,1,5.802
North Cyprus,2016,Western Europe,5.771,1.31141,0.84142,0.43596,0.26322,1.93447,,,1,0,5.771
Slovenia,2016,Central and Eastern Europe,5.768,1.29947,0.79151,0.53164,0.25738,1.79522,,,0,1,5.768
Peru,2016,Latin America and Caribbean,5.743,0.99602,0.62994,0.37502,0.14527,2.73117,,,1,0,5.743
Turkmenistan,2016,Central and Eastern Europe,5.658,1.08017,0.44006,0.37408,0.22567,2.21489,,,1,0,5.658
Mauritius,2016,Sub-Saharan Africa,5.648,1.14372,0.66189,0.46145,0.36951,2.20223,,,1,0,5.648
Libya,2016,Middle East and Northern Africa,5.615,1.06688,0.52304,0.40672,0.17087,2.39374,,,1,0,5.615
Latvia,2016,Central and Eastern Europe,5.56,1.21788,0.63952,0.27996,0.17445,2.20859,,,1,0,5.56
Cyprus,2016,Western Europe,5.546,1.31857,0.8488,0.29507,0.27906,2.04497,,,1,0,5.546
Paraguay,2016,Latin America and Caribbean,5.538,0.89373,0.58295,0.46235,0.25296,2.16091,,,0,1,5.538
Romania,2016,Central and Eastern Europe,5.528,1.1697,0.67602,0.36712,0.12889,2.45184,,,1,0,5.528
Estonia,2016,Central and Eastern Europe,5.517,1.27964,0.68098,0.41511,0.08423,1.81985,,,1,0,5.517
Jamaica,2016,Latin America and Caribbean,5.51,0.89333,0.59469,0.43597,0.22245,2.35682,,,1,0,5.51
Croatia,2016,Central and Eastern Europe,5.488,1.18649,0.70524,0.23907,0.18434,2.52462,,,0,1,5.488
Hong Kong,2016,Eastern Asia,5.458,1.5107,0.95277,0.48079,0.40097,0.92614,,,1,0,5.458
Somalia,2016,Sub-Saharan Africa,5.44,0.0,0.11466,0.56778,0.27225,3.83772,,,1,0,5.44
Kosovo,2016,Central and Eastern Europe,5.401,0.90145,0.54,0.14396,0.27992,2.80998,,,0,1,5.401
Turkey,2016,Middle East and Northern Africa,5.389,1.16492,0.64718,0.23889,0.04707,2.29074,,,0,1,5.389
Indonesia,2016,Southeastern Asia,5.314,0.95104,0.49374,0.39237,0.56521,2.03171,,,1,0,5.314
Jordan,2016,Middle East and Northern Africa,5.303,0.99673,0.60712,0.36023,0.14262,2.20142,,,1,0,5.303
Azerbaijan,2016,Central and Eastern Europe,5.291,1.12373,0.54504,0.35327,0.0564,2.2735,,,1,0,5.291
Philippines,2016,Southeastern Asia,5.279,0.81217,0.47036,0.54854,0.21674,2.23484,,,0,1,5.279
China,2016,Eastern Asia,5.245,1.0278,0.73561,0.44012,0.04959,2.17087,,,1,0,5.245
Bhutan,2016,Southern Asia,5.196,0.8527,0.49759,0.46074,0.48546,1.82916,,,1,0,5.196
Kyrgyzstan,2016,Central and Eastern Europe,5.185,0.56044,0.55449,0.40212,0.38432,2.28136,,,1,0,5.185
Serbia,2016,Central and Eastern Europe,5.177,1.03437,0.6458,0.15718,0.20737,2.27539,,,1,0,5.177
Bosnia and Herzegovina,2016,Central and Eastern Europe,5.163,0.93383,0.70766,0.09511,0.29889,2.48406,,,0,1,5.163
Montenegro,2016,Central and Eastern Europe,5.161,1.07838,0.63533,0.15111,0.17191,2.25531,,,1,0,5.161
Dominican Republic,2016,Latin America and Caribbean,5.155,1.02787,0.57669,0.52259,0.21286,1.69626,,,1,0,5.155
Morocco,2016,Middle East and Northern Africa,5.151,0.84058,0.59471,0.25646,0.04053,2.94891,,,0,1,5.151
Hungary,2016,Central and Eastern Europe,5.145,1.24142,0.67608,0.1977,0.099,1.95473,,,1,0,5.145
Pakistan,2016,Southern Asia,5.132,0.68816,0.40306,0.14622,0.31185,3.18286,,,1,0,5.132
Lebanon,2016,Middle East and Northern Africa,5.129,1.12268,0.76171,0.26228,0.23693,2.07339,,,0,1,5.129
Portugal,2016,Western Europe,5.123,1.27607,0.79363,0.44727,0.11691,1.53015,,,1,0,5.123
Macedonia,2016,Central and Eastern Europe,5.121,1.0193,0.64738,0.27668,0.23507,2.08947,,,1,0,5.121
Vietnam,2016,Southeastern Asia,5.061,0.74037,0.66157,0.55954,0.25075,1.9418,,,1,0,5.061
Somaliland Region,2016,Sub-Saharan Africa,5.057,0.25558,0.33108,0.3913,0.51479,2.43801,,,1,0,5.057
Tunisia,2016,Middle East and Northern Africa,5.045,0.97724,0.59577,0.23553,0.03936,2.68413,,,1,0,5.045
Greece,2016,Western Europe,5.033,1.24886,0.80029,0.05822,0.0,2.12944,,,1,0,5.033
Tajikistan,2016,Central and Eastern Europe,4.996,0.48835,0.53119,0.43408,0.25998,2.39106,,,1,0,4.996
Mongolia,2016,Eastern Asia,4.907,0.98853,0.55469,0.35972,0.34539,1.53586,,,1,0,4.907
Laos,2016,Southeastern Asia,4.876,0.68042,0.38291,0.52168,0.43079,2.08637,,,0,1,4.876
Nigeria,2016,Sub-Saharan Africa,4.875,0.75216,0.05108,0.27854,0.23219,2.88586,,,0,1,4.875
Honduras,2016,Latin America and Caribbean,4.871,0.69429,0.58383,0.26755,0.2044,2.29551,,,1,0,4.871
Iran,2016,Middle East and Northern Africa,4.813,1.11758,0.64232,0.22544,0.38538,1.99817,,,1,0,4.813
Zambia,2016,Sub-Saharan Africa,4.795,0.61202,0.23573,0.42662,0.17866,2.58991,,,1,0,4.795
Nepal,2016,Southern Asia,4.793,0.44626,0.50073,0.37012,0.3816,2.32694,,,0,1,4.793
Palestinian Territories,2016,Middle East and Northern Africa,4.754,0.67024,0.56844,0.17744,0.11154,2.40364,,,0,1,4.754
Albania,2016,Central and Eastern Europe,4.655,0.9553,0.73007,0.31866,0.1684,1.92816,,,0,1,4.655
Bangladesh,2016,Southern Asia,4.643,0.54177,0.52989,0.39778,0.19132,2.60904,,,1,0,4.643
Sierra Leone,2016,Sub-Saharan Africa,4.635,0.36485,0.0,0.30685,0.23897,3.01402,,,1,0,4.635
Iraq,2016,Middle East and Northern Africa,4.575,1.07474,0.51076,0.24856,0.19589,1.81657,,,1,0,4.575
Namibia,2016,Sub-Saharan Africa,4.574,0.93287,0.34745,0.48614,0.07795,1.92198,,,1,0,4.574
Cameroon,2016,Sub-Saharan Africa,4.513,0.52497,0.12698,0.42736,0.2268,2.5198,,,1,0,4.513
Ethiopia,2016,Sub-Saharan Africa,4.508,0.29283,0.34578,0.36703,0.29522,2.65614,,,1,0,4.508
South Africa,2016,Sub-Saharan Africa,4.459,1.02416,0.18611,0.42483,0.13656,1.64227,,,1,0,4.459
Sri Lanka,2016,Southern Asia,4.415,0.97318,0.62007,0.50817,0.46978,0.91681,,,1,0,4.415
India,2016,Southern Asia,4.404,0.74036,0.45091,0.40285,0.25028,2.18032,,,0,1,4.404
Myanmar,2016,Southeastern Asia,4.395,0.34112,0.3988,0.42692,0.81971,1.50655,,,1,0,4.395
Egypt,2016,Middle East and Northern Africa,4.362,0.95395,0.52116,0.18847,0.12706,1.96895,,,1,0,4.362
Armenia,2016,Central and Eastern Europe,4.36,0.86086,0.64083,0.14037,0.07793,1.97864,,,1,0,4.36
Kenya,2016,Sub-Saharan Africa,4.356,0.52267,0.30147,0.40576,0.41328,1.88326,,,1,0,4.356
Ukraine,2016,Central and Eastern Europe,4.324,0.87287,0.58628,0.12859,0.20363,1.50066,,,1,0,4.324
Ghana,2016,Sub-Saharan Africa,4.276,0.63107,0.29681,0.40973,0.21203,2.2002,,,0,1,4.276
Congo (Kinshasa),2016,Sub-Saharan Africa,4.272,0.05661,0.188,0.15602,0.25458,2.74924,,,1,0,4.272
Georgia,2016,Central and Eastern Europe,4.252,0.83792,0.64035,0.32461,0.06786,1.87031,,,1,0,4.252
Congo (Brazzaville),2016,Sub-Saharan Africa,4.236,0.77109,0.28212,0.37938,0.12077,2.10681,,,1,0,4.236
Senegal,2016,Sub-Saharan Africa,4.219,0.44314,0.40457,0.31056,0.19103,1.97861,,,1,0,4.219
Bulgaria,2016,Central and Eastern Europe,4.217,1.11306,0.67806,0.21219,0.12793,1.15377,,,0,1,4.217
Mauritania,2016,Sub-Saharan Africa,4.201,0.61391,0.28639,0.1268,0.22686,1.9263,,,1,0,4.201
Zimbabwe,2016,Sub-Saharan Africa,4.193,0.35041,0.1595,0.25429,0.18503,2.4427,,,1,0,4.193
Malawi,2016,Sub-Saharan Africa,4.156,0.08709,0.29364,0.4143,0.30968,2.82859,,,1,0,4.156
Sudan,2016,Sub-Saharan Africa,4.139,0.63069,0.29759,0.0,0.18077,2.10995,,,0,1,4.139
Gabon,2016,Sub-Saharan Africa,4.121,1.15851,0.3494,0.28098,0.06244,1.45332,,,0,1,4.121
Mali,2016,Sub-Saharan Africa,4.073,0.31292,0.16347,0.27544,0.21064,2.11087,,,0,1,4.073
Haiti,2016,Latin America and Caribbean,4.028,0.34097,0.27494,0.12072,0.47958,2.37116,,,1,0,4.028
Botswana,2016,Sub-Saharan Africa,3.974,1.09426,0.34752,0.44089,0.12425,0.96741,,,0,1,3.974
Comoros,2016,Sub-Saharan Africa,3.956,0.27509,0.29981,0.15412,0.1827,2.25632,,,1,0,3.956
Ivory Coast,2016,Sub-Saharan Africa,3.916,0.55507,0.04476,0.40663,0.20338,1.97478,,,0,1,3.916
Cambodia,2016,Southeastern Asia,3.907,0.55604,0.42494,0.58852,0.40339,1.31573,,,1,0,3.907
Angola,2016,Sub-Saharan Africa,3.866,0.84731,0.04991,0.00589,0.12071,2.09459,,,1,0,3.866
Niger,2016,Sub-Saharan Africa,3.856,0.1327,0.26162,0.38041,0.2097,2.09469,,,0,1,3.856
South Sudan,2016,Sub-Saharan Africa,3.832,0.39394,0.15781,0.19662,0.25899,2.50929,,,0,1,3.832
Chad,2016,Sub-Saharan Africa,3.763,0.42214,0.03824,0.12807,0.18667,2.30637,,,1,0,3.763
Burkina Faso,2016,Sub-Saharan Africa,3.739,0.31995,0.21297,0.3337,0.24353,1.87319,,,0,1,3.739
Uganda,2016,Sub-Saharan Africa,3.739,0.34719,0.19625,0.43653,0.27102,1.51416,,,1,0,3.739
Yemen,2016,Middle East and Northern Africa,3.724,0.57939,0.31048,0.2287,0.09821,1.97295,,,1,0,3.724
Madagascar,2016,Sub-Saharan Africa,3.695,0.27954,0.37109,0.13684,0.2204,2.15075,,,1,0,3.695
Tanzania,2016,Sub-Saharan Africa,3.666,0.47155,0.357,0.3176,0.31472,1.37769,,,1,0,3.666
Liberia,2016,Sub-Saharan Africa,3.622,0.10706,0.23165,0.25748,0.24063,2.23284,,,1,0,3.622
Guinea,2016,Sub-Saharan Africa,3.607,0.22415,0.18829,0.30953,0.29914,2.15604,,,1,0,3.607
Rwanda,2016,Sub-Saharan Africa,3.515,0.32846,0.31865,0.5432,0.23552,0.96819,,,0,1,3.515
Benin,2016,Sub-Saharan Africa,3.484,0.39499,0.21028,0.39747,0.2018,2.10812,,,1,0,3.484
Afghanistan,2016,Southern Asia,3.36,0.38227,0.17344,0.1643,0.31268,2.14558,,,0,1,3.36
Togo,2016,Sub-Saharan Africa,3.303,0.28123,0.24811,0.34678,0.17517,2.1354,,,1,0,3.303
Syria,2016,Middle East and Northern Africa,3.069,0.74719,0.62994,0.06912,0.48397,0.81789,,,1,0,3.069
Burundi,2016,Sub-Saharan Africa,2.905,0.06831,0.15747,0.0432,0.2029,2.10404,,,1,0,2.905
Norway,2017,,7.53700017929077,1.61646318435669,0.796666502952576,0.635422587394714,0.36201223731041,2.27702665328979,,,1,0,7.53700017929077
Denmark,2017,,7.52199983596802,1.48238301277161,0.792565524578094,0.626006722450256,0.355280488729477,2.31370735168457,,,1,0,7.52199983596802
Iceland,2017,,7.50400018692017,1.480633020401,0.833552122116089,0.627162635326385,0.475540220737457,2.32271528244019,,,1,0,7.50400018692017
Switzerland,2017,,7.49399995803833,1.56497955322266,0.858131289482117,0.620070576667786,0.290549278259277,2.2767162322998,,,1,0,7.49399995803833
Finland,2017,,7.4689998626709,1.44357192516327,0.80915766954422,0.617950856685638,0.24548277258873,2.4301815032959,,,0,1,7.4689998626709
Netherlands,2017,,7.3769998550415,1.50394463539124,0.810696125030518,0.585384488105774,0.470489829778671,2.29480409622192,,,1,0,7.3769998550415
Canada,2017,,7.31599998474121,1.47920441627502,0.83455765247345,0.611100912094116,0.435539722442627,2.18726444244385,,,1,0,7.31599998474121
New Zealand,2017,,7.31400012969971,1.40570604801178,0.816759705543518,0.614062130451202,0.500005125999451,2.0464563369751,,,1,0,7.31400012969971
Sweden,2017,,7.28399991989136,1.49438726902008,0.830875158309937,0.612924098968506,0.385399252176285,2.09753799438477,,,1,0,7.28399991989136
Australia,2017,,7.28399991989136,1.484414935112,0.84388679265976,0.601607382297516,0.477699249982834,2.06521081924438,,,0,1,7.28399991989136
Israel,2017,,7.21299982070923,1.37538242340088,0.83840399980545,0.405988603830338,0.330082654953003,2.80175733566284,,,1,0,7.21299982070923
Costa Rica,2017,,7.0789999961853,1.10970628261566,0.759509265422821,0.580131649971008,0.214613229036331,2.89863920211792,,,0,1,7.0789999961853
Austria,2017,,7.00600004196167,1.48709726333618,0.815328419208527,0.567766189575195,0.316472321748734,2.1385064125061,,,1,0,7.00600004196167
United States,2017,,6.99300003051758,1.54625928401947,0.77428662776947,0.505740523338318,0.392578780651093,2.2181134223938,,,1,0,6.99300003051758
Ireland,2017,,6.97700023651123,1.53570663928986,0.80978262424469,0.573110342025757,0.42785832285881,1.77386903762817,,,0,1,6.97700023651123
Germany,2017,,6.95100021362305,1.48792338371277,0.798950731754303,0.562511384487152,0.336269170045853,2.01576995849609,,,1,0,6.95100021362305
Belgium,2017,,6.89099979400635,1.46378076076508,0.818091869354248,0.539770722389221,0.231503337621689,2.12421035766602,,,0,1,6.89099979400635
Luxembourg,2017,,6.86299991607666,1.74194359779358,0.845089495182037,0.59662789106369,0.283180981874466,1.61951208114624,,,0,1,6.86299991607666
United Kingdom,2017,,6.71400022506714,1.44163393974304,0.805335938930511,0.508190035820007,0.492774158716202,1.70414352416992,,,0,1,6.71400022506714
Chile,2017,,6.65199995040894,1.25278460979462,0.819479703903198,0.376895278692245,0.326662421226501,2.50958585739136,,,0,1,6.65199995040894
United Arab Emirates,2017,,6.64799976348877,1.62634336948395,0.726798236370087,0.60834527015686,0.3609419465065,1.734703540802,,,1,0,6.64799976348877
Brazil,2017,,6.63500022888184,1.10735321044922,0.616552352905273,0.437453746795654,0.16234989464283,2.76926708221436,,,0,1,6.63500022888184
Czech Republic,2017,,6.60900020599365,1.35268235206604,0.754444003105164,0.490946173667908,0.0881067588925362,2.45186185836792,,,1,0,6.60900020599365
Argentina,2017,,6.59899997711182,1.18529546260834,0.695137083530426,0.494519203901291,0.109457060694695,2.61400532722473,,,0,1,6.59899997711182
Mexico,2017,,6.57800006866455,1.15318381786346,0.709978997707367,0.412730008363724,0.120990432798862,2.83715486526489,,,1,0,6.57800006866455
Singapore,2017,,6.57200002670288,1.69227766990662,0.949492394924164,0.549840569496155,0.345965981483459,1.21636199951172,,,1,0,6.57200002670288
Malta,2017,,6.52699995040894,1.34327983856201,0.821944236755371,0.588767051696777,0.574730575084686,1.55686283111572,,,1,0,6.52699995040894
Uruguay,2017,,6.4539999961853,1.21755969524384,0.719216823577881,0.57939225435257,0.175096929073334,2.17240953445435,,,1,0,6.4539999961853
Guatemala,2017,,6.4539999961853,0.872001945972443,0.540239989757538,0.531310617923737,0.283488392829895,2.89389109611511,,,1,0,6.4539999961853
Panama,2017,,6.4520001411438,1.23374843597412,0.706156134605408,0.550026834011078,0.21055693924427,2.30719995498657,,,0,1,6.4520001411438
France,2017,,6.44199991226196,1.43092346191406,0.844465851783752,0.470222115516663,0.129762306809425,2.00595474243164,,,1,0,6.44199991226196
Thailand,2017,,6.42399978637695,1.12786877155304,0.647239029407501,0.580200731754303,0.572123110294342,2.03950834274292,,,1,0,6.42399978637695
Taiwan Province of China,2017,,6.42199993133545,1.43362653255463,0.793984234333038,0.361466586589813,0.258360475301743,2.1266074180603,,,1,0,6.42199993133545
Spain,2017,,6.40299987792969,1.38439786434174,0.888960599899292,0.408781230449677,0.190133571624756,1.92775774002075,,,1,0,6.40299987792969
Qatar,2017,,6.375,1.87076568603516,0.710098087787628,0.604130983352661,0.330473870038986,1.1454644203186,,,1,0,6.375
Colombia,2017,,6.35699987411499,1.07062232494354,0.595027923583984,0.477487415075302,0.149014472961426,2.61606812477112,,,0,1,6.35699987411499
Saudi Arabia,2017,,6.3439998626709,1.53062355518341,0.590148329734802,0.449750572443008,0.147616013884544,2.0654296875,,,0,1,6.3439998626709
Trinidad and Tobago,2017,,6.16800022125244,1.36135590076447,0.519983291625977,0.518630743026733,0.325296461582184,2.05324745178223,,,0,1,6.16800022125244
Kuwait,2017,,6.10500001907349,1.63295245170593,0.632105708122253,0.496337592601776,0.228289797902107,1.64042520523071,,,1,0,6.10500001907349
Slovakia,2017,,6.09800004959106,1.32539355754852,0.712732911109924,0.295817464590073,0.136544480919838,2.09777665138245,,,1,0,6.09800004959106
Bahrain,2017,,6.08699989318848,1.48841226100922,0.653133034706116,0.536746919155121,0.172668486833572,1.65614938735962,,,1,0,6.08699989318848
Malaysia,2017,,6.08400011062622,1.29121541976929,0.618784427642822,0.402264982461929,0.416608929634094,2.00444889068604,,,0,1,6.08400011062622
Nicaragua,2017,,6.07100009918213,0.737299203872681,0.653095960617065,0.447551846504211,0.301674216985703,2.51393055915833,,,0,1,6.07100009918213
Ecuador,2017,,6.00799989700317,1.00082039833069,0.685636222362518,0.4551981985569,0.150112465023994,2.29035258293152,,,1,0,6.00799989700317
El Salvador,2017,,6.00299978256226,0.909784495830536,0.596018552780151,0.432452529668808,0.0782579854130745,2.7145938873291,,,1,0,6.00299978256226
Poland,2017,,5.97300004959106,1.29178786277771,0.699475347995758,0.520342111587524,0.158465966582298,1.79772281646729,,,0,1,5.97300004959106
Uzbekistan,2017,,5.97100019454956,0.786441087722778,0.498272627592087,0.658248662948608,0.415983647108078,1.81691360473633,,,0,1,5.97100019454956
Italy,2017,,5.96400022506714,1.39506661891937,0.853144347667694,0.256450712680817,0.17278964817524,1.81331205368042,,,0,1,5.96400022506714
Russia,2017,,5.96299982070923,1.28177809715271,0.547349333763123,0.373783111572266,0.0522638224065304,2.20560741424561,,,1,0,5.96299982070923
Belize,2017,,5.95599985122681,0.907975316047668,0.450191766023636,0.547509372234344,0.240015640854836,2.63195562362671,,,1,0,5.95599985122681
Japan,2017,,5.92000007629395,1.41691517829895,0.913475871086121,0.505625545978546,0.12057276815176,1.36322355270386,,,0,1,5.92000007629395
Lithuania,2017,,5.90199995040894,1.31458234786987,0.62894994020462,0.234231784939766,0.010164656676352,2.22844052314758,,,1,0,5.90199995040894
Algeria,2017,,5.87200021743774,1.09186446666718,0.617584645748138,0.233335807919502,0.0694366469979286,2.56760382652283,,,1,0,5.87200021743774
Latvia,2017,,5.84999990463257,1.26074862480164,0.638566970825195,0.325707912445068,0.153074786067009,1.99365520477295,,,0,1,5.84999990463257
South Korea,2017,,5.83799982070923,1.40167844295502,0.900214076042175,0.257921665906906,0.206674367189407,1.88037800788879,,,1,0,5.83799982070923
Moldova,2017,,5.83799982070923,0.728870630264282,0.589465200901031,0.240729048848152,0.208779126405716,2.80780839920044,,,1,0,5.83799982070923
Romania,2017,,5.82499980926514,1.21768391132355,0.685158312320709,0.457003742456436,0.133519917726517,2.17683148384094,,,1,0,5.82499980926514
Bolivia,2017,,5.82299995422363,0.833756566047668,0.473630249500275,0.558732926845551,0.22556072473526,2.44327902793884,,,1,0,5.82299995422363
Turkmenistan,2017,,5.82200002670288,1.13077676296234,0.437726080417633,0.41827192902565,0.24992498755455,1.83290982246399,,,1,0,5.82200002670288
Kazakhstan,2017,,5.81899976730347,1.28455626964569,0.606041550636292,0.437454283237457,0.201964423060417,1.78489255905151,,,1,0,5.81899976730347
North Cyprus,2017,,5.80999994277954,1.3469113111496,0.834647238254547,0.471203625202179,0.266845703125,1.54915761947632,,,0,1,5.80999994277954
Slovenia,2017,,5.75799989700317,1.3412059545517,0.790828227996826,0.572575807571411,0.242649093270302,1.31331729888916,,,1,0,5.75799989700317
Peru,2017,,5.71500015258789,1.03522527217865,0.630166113376617,0.450002878904343,0.126819714903831,2.20726943016052,,,0,1,5.71500015258789
Mauritius,2017,,5.62900018692017,1.18939554691315,0.638007462024689,0.491247326135635,0.360933750867844,1.6975839138031,,,1,0,5.62900018692017
Cyprus,2017,,5.62099981307983,1.35593807697296,0.84471470117569,0.355111539363861,0.271254301071167,1.62124919891357,,,1,0,5.62099981307983
Estonia,2017,,5.61100006103516,1.32087934017181,0.695168316364288,0.479131430387497,0.0988908112049103,1.35750865936279,,,0,1,5.61100006103516
Belarus,2017,,5.56899976730347,1.15655755996704,0.637714266777039,0.295400261878967,0.15513750910759,1.72323298454285,,,1,0,5.56899976730347
Libya,2017,,5.52500009536743,1.10180306434631,0.520169019699097,0.465733230113983,0.152073666453362,1.83501124382019,,,1,0,5.52500009536743
Turkey,2017,,5.5,1.19827437400818,0.637605607509613,0.300740599632263,0.0466930419206619,1.87927794456482,,,1,0,5.5
Paraguay,2017,,5.49300003051758,0.932537317276001,0.579250693321228,0.473507791757584,0.224150657653809,1.6853334903717,,,1,0,5.49300003051758
"Hong Kong S.A.R., China",2017,,5.47200012207031,1.55167484283447,0.943062424659729,0.490968644618988,0.374465793371201,0.554633140563965,,,1,0,5.47200012207031
Philippines,2017,,5.42999982833862,0.85769921541214,0.468009054660797,0.585214674472809,0.193513423204422,1.97260475158691,,,1,0,5.42999982833862
Serbia,2017,,5.39499998092651,1.06931757926941,0.65078467130661,0.208715528249741,0.220125883817673,1.94708442687988,,,1,0,5.39499998092651
Jordan,2017,,5.33599996566772,0.991012394428253,0.604590058326721,0.418421149253845,0.172170460224152,1.79117655754089,,,1,0,5.33599996566772
Hungary,2017,,5.32399988174438,1.2860119342804,0.687763452529907,0.175863519310951,0.0784016624093056,1.71645927429199,,,1,0,5.32399988174438
Jamaica,2017,,5.31099987030029,0.925579309463501,0.641022384166718,0.474307239055634,0.233818337321281,1.61232566833496,,,1,0,5.31099987030029
Croatia,2017,,5.29300022125244,1.22255623340607,0.701288521289825,0.255772292613983,0.248002976179123,1.85449242591858,,,1,0,5.29300022125244
Kosovo,2017,,5.27899980545044,0.951484382152557,0.541452050209045,0.260287940502167,0.319931447505951,2.01054072380066,,,1,0,5.27899980545044
China,2017,,5.27299976348877,1.08116579055786,0.741415500640869,0.472787708044052,0.0288068410009146,1.76493859291077,,,0,1,5.27299976348877
Pakistan,2017,,5.26900005340576,0.72688353061676,0.402047783136368,0.23521526157856,0.315446019172668,2.79248929023743,,,1,0,5.26900005340576
Indonesia,2017,,5.26200008392334,0.995538592338562,0.492345720529556,0.443323463201523,0.611704587936401,1.42947697639465,,,1,0,5.26200008392334
Venezuela,2017,,5.25,1.12843120098114,0.617144227027893,0.153997123241425,0.0650196298956871,1.78946375846863,,,0,1,5.25
Montenegro,2017,,5.23699998855591,1.12112903594971,0.667464673519135,0.194989055395126,0.197911024093628,1.72919154167175,,,1,0,5.23699998855591
Morocco,2017,,5.2350001335144,0.878114581108093,0.59771066904068,0.408158332109451,0.0322099551558495,2.45618939399719,,,0,1,5.2350001335144
Azerbaijan,2017,,5.23400020599365,1.15360176563263,0.540775775909424,0.398155838251114,0.0452693402767181,1.76248168945312,,,1,0,5.23400020599365
Dominican Republic,2017,,5.23000001907349,1.07937383651733,0.574873745441437,0.55258983373642,0.186967849731445,1.31946516036987,,,1,0,5.23000001907349
Greece,2017,,5.22700023651123,1.28948748111725,0.810198903083801,0.0957312509417534,0.0,1.74922156333923,,,1,0,5.22700023651123
Lebanon,2017,,5.22499990463257,1.07498753070831,0.735081076622009,0.288515985012054,0.264450758695602,1.69507384300232,,,1,0,5.22499990463257
Portugal,2017,,5.19500017166138,1.3151752948761,0.795843541622162,0.498465299606323,0.0951027125120163,1.10768270492554,,,1,0,5.19500017166138
Bosnia and Herzegovina,2017,,5.18200016021729,0.982409417629242,0.705186307430267,0.204403176903725,0.328867495059967,1.89217257499695,,,0,1,5.18200016021729
Honduras,2017,,5.18100023269653,0.730573117733002,0.582569479942322,0.348079860210419,0.236188873648643,2.06581115722656,,,0,1,5.18100023269653
Macedonia,2017,,5.17500019073486,1.06457793712616,0.644948184490204,0.325905978679657,0.25376096367836,1.6174693107605,,,1,0,5.17500019073486
Somalia,2017,,5.15100002288818,0.0226431842893362,0.113989137113094,0.602126955986023,0.291631311178207,3.11748456954956,,,1,0,5.15100002288818
Vietnam,2017,,5.07399988174438,0.788547575473785,0.652168989181519,0.571055591106415,0.234968051314354,1.46231865882874,,,1,0,5.07399988174438
Nigeria,2017,,5.07399988174438,0.783756256103516,0.0569157302379608,0.394952565431595,0.230947196483612,2.36539053916931,,,0,1,5.07399988174438
Tajikistan,2017,,5.04099988937378,0.524713635444641,0.529235124588013,0.471566706895828,0.248997643589973,1.84904932975769,,,1,0,5.04099988937378
Bhutan,2017,,5.01100015640259,0.885416388511658,0.495879292488098,0.501537680625916,0.474054545164108,1.14018440246582,,,0,1,5.01100015640259
Kyrgyzstan,2017,,5.00400018692017,0.596220076084137,0.553457796573639,0.454943388700485,0.42858037352562,1.53672313690186,,,1,0,5.00400018692017
Nepal,2017,,4.96199989318848,0.479820191860199,0.504130780696869,0.440305948257446,0.394096165895462,1.8912410736084,,,1,0,4.96199989318848
Mongolia,2017,,4.95499992370605,1.02723586559296,0.557783484458923,0.394143968820572,0.338464230298996,1.11129236221313,,,1,0,4.95499992370605
South Africa,2017,,4.8289999961853,1.05469870567322,0.187080070376396,0.479246735572815,0.139362379908562,1.51090860366821,,,1,0,4.8289999961853
Tunisia,2017,,4.80499982833862,1.00726580619812,0.613212049007416,0.289680689573288,0.0496933571994305,1.89025115966797,,,1,0,4.80499982833862
Palestinian Territories,2017,,4.77500009536743,0.716249227523804,0.565666973590851,0.25471106171608,0.114173173904419,1.8788902759552,,,1,0,4.77500009536743
Egypt,2017,,4.7350001335144,0.989701807498932,0.520187258720398,0.282110154628754,0.128631442785263,1.70216107368469,,,1,0,4.7350001335144
Bulgaria,2017,,4.71400022506714,1.1614590883255,0.708217680454254,0.289231717586517,0.113177694380283,0.996139287948608,,,1,0,4.71400022506714
Sierra Leone,2017,,4.70900011062622,0.36842092871666,0.0055647538974881,0.318697690963745,0.293040901422501,2.66845989227295,,,0,1,4.70900011062622
Cameroon,2017,,4.69500017166138,0.564305365085602,0.132892116904259,0.430388748645782,0.236298456788063,2.3336455821991,,,1,0,4.69500017166138
Iran,2017,,4.69199991226196,1.15687310695648,0.639333188533783,0.249322608113289,0.387242913246155,1.49873495101929,,,1,0,4.69199991226196
Albania,2017,,4.64400005340576,0.996192753314972,0.731159746646881,0.381498634815216,0.201312944293022,1.49044156074524,,,1,0,4.64400005340576
Bangladesh,2017,,4.60799980163574,0.586682975292206,0.533241033554077,0.478356659412384,0.172255352139473,1.97873616218567,,,0,1,4.60799980163574
Namibia,2017,,4.57399988174438,0.964434325695038,0.33861181139946,0.520303547382355,0.0771337449550629,1.4818902015686,,,0,1,4.57399988174438
Kenya,2017,,4.55299997329712,0.560479462146759,0.309988349676132,0.452763766050339,0.444860309362411,1.6519021987915,,,1,0,4.55299997329712
Mozambique,2017,,4.55000019073486,0.234305649995804,0.106654435396194,0.480791091918945,0.322228103876114,2.35565090179443,,,1,0,4.55000019073486
Myanmar,2017,,4.54500007629395,0.367110550403595,0.397522568702698,0.514492034912109,0.838075160980225,1.11529040336609,,,0,1,4.54500007629395
Senegal,2017,,4.53499984741211,0.479309022426605,0.409362852573395,0.377922266721725,0.183468893170357,1.78964614868164,,,1,0,4.53499984741211
Zambia,2017,,4.51399993896484,0.636406779289246,0.257835894823074,0.461603492498398,0.249580144882202,1.82670545578003,,,1,0,4.51399993896484
Iraq,2017,,4.49700021743774,1.10271048545837,0.501180469989777,0.288555532693863,0.19963726401329,1.31890726089478,,,1,0,4.49700021743774
Gabon,2017,,4.46500015258789,1.1982102394104,0.356578588485718,0.312328577041626,0.0437853783369064,1.32291626930237,,,0,1,4.46500015258789
Ethiopia,2017,,4.46000003814697,0.339233845472336,0.353409707546234,0.408842742443085,0.312650740146637,2.01574373245239,,,0,1,4.46000003814697
Sri Lanka,2017,,4.44000005722046,1.00985014438629,0.625130832195282,0.561213254928589,0.490863561630249,0.419389247894287,,,1,0,4.44000005722046
Armenia,2017,,4.37599992752075,0.900596737861633,0.637524425983429,0.198303267359734,0.0834880918264389,1.5214991569519,,,1,0,4.37599992752075
India,2017,,4.31500005722046,0.792221248149872,0.455427616834641,0.469987004995346,0.231538489460945,1.5191171169281,,,1,0,4.31500005722046
Mauritania,2017,,4.29199981689453,0.648457288742065,0.285349279642105,0.0960980430245399,0.201870024204254,1.65163731575012,,,1,0,4.29199981689453
Congo (Brazzaville),2017,,4.29099988937378,0.808964252471924,0.28995743393898,0.435025870800018,0.120852127671242,1.72413563728333,,,1,0,4.29099988937378
Georgia,2017,,4.28599977493286,0.950612664222717,0.649546980857849,0.309410035610199,0.0540088154375553,1.50013780593872,,,0,1,4.28599977493286
Congo (Kinshasa),2017,,4.28000020980835,0.0921023488044739,0.191407024860382,0.235961347818375,0.246455833315849,2.22495865821838,,,1,0,4.28000020980835
Mali,2017,,4.19000005722046,0.476180493831635,0.169365674257278,0.306613743305206,0.183354198932648,1.66819095611572,,,1,0,4.19000005722046
Ivory Coast,2017,,4.17999982833862,0.603048920631409,0.0486421696841717,0.447706192731857,0.201237469911575,1.84496426582336,,,0,1,4.17999982833862
Cambodia,2017,,4.16800022125244,0.601765096187592,0.429783403873444,0.633375823497772,0.385922968387604,1.04294109344482,,,0,1,4.16800022125244
Sudan,2017,,4.13899993896484,0.65951669216156,0.290920823812485,0.0149958552792668,0.182317450642586,1.68706583976746,,,0,1,4.13899993896484
Ghana,2017,,4.11999988555908,0.667224824428558,0.295637726783752,0.423026293516159,0.256923943758011,1.57786750793457,,,1,0,4.11999988555908
Ukraine,2017,,4.09600019454956,0.89465194940567,0.575903952121735,0.122974775731564,0.270061463117599,0.814382314682007,,,0,1,4.09600019454956
Uganda,2017,,4.08099985122681,0.381430715322495,0.217632606625557,0.443185955286026,0.325766056776047,1.526362657547,,,1,0,4.08099985122681
Burkina Faso,2017,,4.03200006484985,0.3502277135849,0.215844258666039,0.324367851018906,0.250864684581757,1.72721290588379,,,1,0,4.03200006484985
Niger,2017,,4.02799987792969,0.161925330758095,0.26850500702858,0.36365869641304,0.228673845529556,1.87398338317871,,,1,0,4.02799987792969
Malawi,2017,,3.97000002861023,0.233442038297653,0.315089583396912,0.466914653778076,0.287170469760895,2.08178615570068,,,1,0,3.97000002861023
Chad,2017,,3.93600010871887,0.438012987375259,0.0411347150802612,0.16234202682972,0.216113850474358,2.07123804092407,,,1,0,3.93600010871887
Zimbabwe,2017,,3.875,0.375846534967422,0.196763753890991,0.336384207010269,0.189143493771553,1.59797024726868,,,1,0,3.875
Lesotho,2017,,3.80800008773804,0.521021246910095,0.0,0.390661299228668,0.157497271895409,1.42983531951904,,,1,0,3.80800008773804
Angola,2017,,3.79500007629395,0.858428180217743,0.0498686656355858,0.0,0.097926490008831,1.61448240280151,,,1,0,3.79500007629395
Afghanistan,2017,,3.79399991035461,0.401477217674255,0.180746778845787,0.106179520487785,0.311870932579041,2.15080118179321,,,1,0,3.79399991035461
Botswana,2017,,3.76600003242493,1.12209415435791,0.341755509376526,0.505196332931519,0.0993484482169151,0.3779137134552,,,0,1,3.76600003242493
Benin,2017,,3.65700006484985,0.431085407733917,0.209930211305618,0.425962775945663,0.207948461174965,1.88563096523285,,,0,1,3.65700006484985
Madagascar,2017,,3.64400005340576,0.305808693170547,0.375223308801651,0.189196765422821,0.208732530474663,1.58461260795593,,,1,0,3.64400005340576
Haiti,2017,,3.6029999256134,0.368610262870789,0.277321130037308,0.0303698573261499,0.489203780889511,1.69716763496399,,,1,0,3.6029999256134
Yemen,2017,,3.59299993515015,0.591683447360992,0.310080915689468,0.249463722109795,0.104125209152699,1.34560060501099,,,1,0,3.59299993515015
South Sudan,2017,,3.59100008010864,0.39724862575531,0.163486003875732,0.147062435746193,0.285670816898346,1.87956738471985,,,1,0,3.59100008010864
Liberia,2017,,3.53299999237061,0.119041793048382,0.229918196797371,0.332881182432175,0.26654988527298,1.67328596115112,,,0,1,3.53299999237061
Guinea,2017,,3.50699996948242,0.244549930095673,0.194129139184952,0.348587512969971,0.264815092086792,1.55231189727783,,,1,0,3.50699996948242
Togo,2017,,3.49499988555908,0.305444717407227,0.247105568647385,0.38042613863945,0.196896150708199,1.83722925186157,,,1,0,3.49499988555908
Rwanda,2017,,3.47099995613098,0.368745893239975,0.326424807310104,0.581843852996826,0.252756029367447,0.540061235427856,,,0,1,3.47099995613098
Syria,2017,,3.46199989318848,0.777153134346008,0.50053334236145,0.0815394446253777,0.493663728237152,1.06157350540161,,,1,0,3.46199989318848
Tanzania,2017,,3.34899997711182,0.511135876178741,0.364509284496307,0.390017777681351,0.354256361722946,0.621130466461182,,,0,1,3.34899997711182
Burundi,2017,,2.90499997138977,0.091622568666935,0.151610791683197,0.0599007532000542,0.204435184597969,1.68302416801453,,,1,0,2.90499997138977
Central African Republic,2017,,2.69300007820129,0.0,0.0187726859003305,0.270842045545578,0.280876487493515,2.06600475311279,,,1,0,2.69300007820129
Finland,2018,,7.632,1.305,0.874,,0.202,,1.592,0.393,0,1,7.632
Norway,2018,,7.594,1.456,0.861,,0.286,,1.582,0.34,1,0,7.594
Denmark,2018,,7.555,1.351,0.868,,0.284,,1.59,0.408,1,0,7.555
Iceland,2018,,7.495,1.343,0.914,,0.353,,1.644,0.138,1,0,7.495
Switzerland,2018,,7.487,1.42,0.927,,0.256,,1.549,0.357,1,0,7.487
Netherlands,2018,,7.441,1.361,0.878,,0.333,,1.488,0.295,1,0,7.441
Canada,2018,,7.328,1.33,0.896,,0.321,,1.532,0.291,1,0,7.328
New Zealand,2018,,7.324,1.268,0.876,,0.365,,1.601,0.389,1,0,7.324
Sweden,2018,,7.314,1.355,0.913,,0.285,,1.501,0.383,1,0,7.314
Australia,2018,,7.272,1.34,0.91,,0.361,,1.573,0.302,1,0,7.272
United Kingdom,2018,,7.19,1.244,0.888,,0.262,,1.433,0.082,1,0,7.19
Austria,2018,,7.139,1.341,0.891,,0.242,,1.504,0.224,1,0,7.139
Costa Rica,2018,,7.072,1.01,0.817,,0.143,,1.459,0.101,0,1,7.072
Ireland,2018,,6.977,1.448,0.876,,0.307,,1.583,0.306,0,1,6.977
Germany,2018,,6.965,1.34,0.861,,0.273,,1.474,0.28,1,0,6.965
Belgium,2018,,6.927,1.324,0.894,,0.188,,1.483,0.24,0,1,6.927
Luxembourg,2018,,6.91,1.576,0.896,,0.196,,1.52,0.321,1,0,6.91
United States,2018,,6.886,1.398,0.819,,0.291,,1.471,0.133,1,0,6.886
Israel,2018,,6.814,1.301,0.883,,0.354,,1.559,0.272,1,0,6.814
United Arab Emirates,2018,,6.774,2.096,0.67,,0.186,,0.776,,1,0,6.774
Czech Republic,2018,,6.711,1.233,0.854,,0.064,,1.489,0.034,0,1,6.711
Malta,2018,,6.627,1.27,0.884,,0.376,,1.525,0.142,1,0,6.627
France,2018,,6.489,1.293,0.908,,0.098,,1.466,0.176,1,0,6.489
Mexico,2018,,6.488,1.038,0.761,,0.069,,1.252,0.095,1,0,6.488
Chile,2018,,6.476,1.131,0.808,,0.197,,1.331,0.061,1,0,6.476
Taiwan,2018,,6.441,1.365,0.857,,0.151,,1.436,0.078,0,1,6.441
Panama,2018,,6.43,1.112,0.759,,0.125,,1.438,0.063,1,0,6.43
Brazil,2018,,6.419,0.986,0.675,,0.11,,1.474,0.088,1,0,6.419
Argentina,2018,,6.388,1.073,0.744,,0.062,,1.468,0.054,1,0,6.388
Guatemala,2018,,6.382,0.781,0.608,,0.179,,1.268,0.071,0,1,6.382
Uruguay,2018,,6.379,1.093,0.771,,0.13,,1.459,0.155,1,0,6.379
Qatar,2018,,6.374,1.649,0.748,,0.256,,1.303,0.171,0,1,6.374
Saudi Arabia,2018,,6.371,1.379,0.633,,0.098,,1.331,0.127,1,0,6.371
Singapore,2018,,6.343,1.529,1.008,,0.261,,1.451,0.457,1,0,6.343
Malaysia,2018,,6.322,1.161,0.669,,0.311,,1.258,0.059,1,0,6.322
Spain,2018,,6.31,1.251,0.965,,0.142,,1.538,0.074,1,0,6.31
Colombia,2018,,6.26,0.96,0.635,,0.099,,1.439,0.039,0,1,6.26
Trinidad & Tobago,2018,,6.192,1.223,0.564,,0.171,,1.492,0.019,0,1,6.192
Slovakia,2018,,6.173,1.21,0.776,,0.118,,1.537,0.014,1,0,6.173
El Salvador,2018,,6.167,0.806,0.639,,0.065,,1.231,0.082,1,0,6.167
Nicaragua,2018,,6.141,0.668,0.7,,0.208,,1.319,0.128,1,0,6.141
Poland,2018,,6.123,1.176,0.781,,0.108,,1.448,0.064,1,0,6.123
Bahrain,2018,,6.105,1.338,0.698,,0.243,,1.366,0.123,0,1,6.105
Uzbekistan,2018,,6.096,0.719,0.605,,0.328,,1.584,0.259,0,1,6.096
Kuwait,2018,,6.083,1.474,0.675,,0.167,,1.301,0.106,0,1,6.083
Thailand,2018,,6.072,1.016,0.707,,0.364,,1.417,0.029,0,1,6.072
Italy,2018,,6.0,1.264,0.946,,0.137,,1.501,0.028,0,1,6.0
Ecuador,2018,,5.973,0.889,0.736,,0.114,,1.33,0.12,1,0,5.973
Belize,2018,,5.956,0.807,0.474,,0.183,,1.101,0.089,1,0,5.956
Lithuania,2018,,5.952,1.197,0.716,,0.026,,1.527,0.006,1,0,5.952
Slovenia,2018,,5.948,1.219,0.856,,0.16,,1.506,0.051,1,0,5.948
Romania,2018,,5.945,1.116,0.726,,0.088,,1.219,0.001,0,1,5.945
Latvia,2018,,5.933,1.148,0.671,,0.092,,1.454,0.066,0,1,5.933
Japan,2018,,5.915,1.294,0.988,,0.079,,1.462,0.15,0,1,5.915
Mauritius,2018,,5.891,1.09,0.684,,0.245,,1.387,0.05,1,0,5.891
Jamaica,2018,,5.89,0.819,0.693,,0.096,,1.493,0.031,0,1,5.89
South Korea,2018,,5.875,1.266,0.955,,0.175,,1.204,0.051,1,0,5.875
Northern Cyprus,2018,,5.835,1.229,0.909,,0.179,,1.211,0.154,1,0,5.835
Russia,2018,,5.81,1.151,0.599,,0.065,,1.479,0.025,1,0,5.81
Kazakhstan,2018,,5.79,1.143,0.631,,0.148,,1.516,0.121,1,0,5.79
Cyprus,2018,,5.762,1.229,0.909,,0.202,,1.191,0.035,1,0,5.762
Bolivia,2018,,5.752,0.751,0.508,,0.141,,1.223,0.054,1,0,5.752
Estonia,2018,,5.739,1.2,0.737,,0.086,,1.532,0.174,1,0,5.739
Paraguay,2018,,5.681,0.835,0.615,,0.162,,1.522,0.074,0,1,5.681
Peru,2018,,5.663,0.934,0.674,,0.092,,1.249,0.034,1,0,5.663
Kosovo,2018,,5.662,0.855,0.578,,0.274,,1.23,0.023,1,0,5.662
Moldova,2018,,5.64,0.657,0.62,,0.171,,1.301,0.0,1,0,5.64
Turkmenistan,2018,,5.636,1.016,0.517,,0.199,,1.533,0.037,0,1,5.636
Hungary,2018,,5.62,1.171,0.732,,0.061,,1.401,0.022,0,1,5.62
Libya,2018,,5.566,0.985,0.553,,0.116,,1.35,0.148,1,0,5.566
Philippines,2018,,5.524,0.775,0.513,,0.12,,1.312,0.105,1,0,5.524
Honduras,2018,,5.504,0.62,0.622,,0.197,,1.205,0.074,1,0,5.504
Belarus,2018,,5.483,1.039,0.7,,0.101,,1.498,0.154,1,0,5.483
Turkey,2018,,5.483,1.148,0.686,,0.106,,1.38,0.109,0,1,5.483
Pakistan,2018,,5.472,0.652,0.424,,0.216,,0.81,0.113,0,1,5.472
Hong Kong,2018,,5.43,1.405,1.03,,0.246,,1.29,0.291,1,0,5.43
Portugal,2018,,5.41,1.188,0.884,,0.055,,1.429,0.017,1,0,5.41
Serbia,2018,,5.398,0.975,0.685,,0.134,,1.369,0.043,1,0,5.398
Greece,2018,,5.358,1.154,0.879,,0.0,,1.202,0.044,1,0,5.358
Lebanon,2018,,5.358,0.965,0.785,,0.214,,1.179,0.136,1,0,5.358
Montenegro,2018,,5.347,1.017,0.729,,0.111,,1.279,0.081,1,0,5.347
Croatia,2018,,5.321,1.115,0.737,,0.12,,1.161,0.039,1,0,5.321
Dominican Republic,2018,,5.302,0.982,0.614,,0.12,,1.441,0.106,1,0,5.302
Algeria,2018,,5.295,0.979,0.687,,0.055,,1.154,0.135,1,0,5.295
Morocco,2018,,5.254,0.779,0.669,,0.026,,0.797,0.074,1,0,5.254
China,2018,,5.246,0.989,0.799,,0.029,,1.142,0.103,1,0,5.246
Azerbaijan,2018,,5.201,1.024,0.603,,0.031,,1.161,0.176,1,0,5.201
Tajikistan,2018,,5.199,0.474,0.598,,0.187,,1.166,0.034,0,1,5.199
Macedonia,2018,,5.185,0.959,0.691,,0.173,,1.239,0.052,0,1,5.185
Jordan,2018,,5.161,0.822,0.645,,0.13,,1.265,0.134,1,0,5.161
Nigeria,2018,,5.155,0.689,0.048,,0.201,,1.172,0.032,1,0,5.155
Kyrgyzstan,2018,,5.131,0.53,0.594,,0.281,,1.416,0.035,1,0,5.131
Bosnia and Herzegovina,2018,,5.129,0.915,0.758,,0.216,,1.078,0.0,1,0,5.129
Mongolia,2018,,5.125,0.914,0.575,,0.253,,1.517,0.032,1,0,5.125
Vietnam,2018,,5.103,0.715,0.702,,0.177,,1.365,0.079,1,0,5.103
Indonesia,2018,,5.093,0.899,0.522,,0.484,,1.215,0.018,1,0,5.093
Bhutan,2018,,5.082,0.796,0.527,,0.364,,1.335,0.171,1,0,5.082
Somalia,2018,,4.982,0.0,0.115,,0.238,,0.712,0.282,1,0,4.982
Cameroon,2018,,4.975,0.535,0.182,,0.183,,0.891,0.043,0,1,4.975
Bulgaria,2018,,4.933,1.054,0.712,,0.064,,1.515,0.009,1,0,4.933
Nepal,2018,,4.88,0.425,0.539,,0.302,,1.228,0.078,1,0,4.88
Venezuela,2018,,4.806,0.996,0.657,,0.056,,1.469,0.052,1,0,4.806
Gabon,2018,,4.758,1.036,0.404,,0.032,,1.164,0.052,1,0,4.758
Palestinian Territories,2018,,4.743,0.642,0.602,,0.086,,1.217,0.076,1,0,4.743
South Africa,2018,,4.724,0.94,0.33,,0.103,,1.41,0.056,1,0,4.724
Iran,2018,,4.707,1.059,0.691,,0.282,,0.771,0.129,1,0,4.707
Ivory Coast,2018,,4.671,0.541,0.08,,0.146,,0.872,0.103,1,0,4.671
Ghana,2018,,4.657,0.592,0.337,,0.212,,0.896,0.029,1,0,4.657
Senegal,2018,,4.631,0.429,0.433,,0.138,,1.117,0.082,1,0,4.631
Laos,2018,,4.623,0.72,0.441,,0.23,,1.034,0.174,0,1,4.623
Tunisia,2018,,4.592,0.9,0.69,,0.04,,0.906,0.063,1,0,4.592
Albania,2018,,4.586,0.916,0.79,,0.149,,0.817,0.032,0,1,4.586
Sierra Leone,2018,,4.571,0.256,0.0,,0.238,,0.813,0.053,0,1,4.571
Congo (Brazzaville),2018,,4.559,0.682,0.343,,0.091,,0.811,0.077,0,1,4.559
Bangladesh,2018,,4.5,0.532,0.579,,0.153,,0.85,0.144,1,0,4.5
Sri Lanka,2018,,4.471,0.918,0.672,,0.307,,1.314,0.05,1,0,4.471
Iraq,2018,,4.456,1.01,0.536,,0.148,,0.971,0.095,1,0,4.456
Mali,2018,,4.447,0.37,0.152,,0.139,,1.233,0.056,1,0,4.447
Namibia,2018,,4.441,0.874,0.365,,0.051,,1.281,0.064,0,1,4.441
Cambodia,2018,,4.433,0.549,0.457,,0.256,,1.088,0.065,1,0,4.433
Burkina Faso,2018,,4.424,0.314,0.254,,0.175,,1.097,0.128,0,1,4.424
Egypt,2018,,4.419,0.885,0.553,,0.092,,1.025,0.107,0,1,4.419
Mozambique,2018,,4.417,0.198,0.173,,0.206,,0.902,0.158,1,0,4.417
Kenya,2018,,4.41,0.493,0.454,,0.352,,1.048,0.055,1,0,4.41
Zambia,2018,,4.377,0.562,0.295,,0.221,,1.047,0.082,1,0,4.377
Mauritania,2018,,4.356,0.557,0.292,,0.134,,1.245,0.093,0,1,4.356
Ethiopia,2018,,4.35,0.308,0.391,,0.22,,0.95,0.146,0,1,4.35
Georgia,2018,,4.34,0.853,0.643,,0.038,,0.592,0.215,1,0,4.34
Armenia,2018,,4.321,0.816,0.666,,0.077,,0.99,0.028,1,0,4.321
Myanmar,2018,,4.308,0.682,0.429,,0.598,,1.174,0.178,1,0,4.308
Chad,2018,,4.301,0.358,0.053,,0.181,,0.907,0.06,1,0,4.301
Congo (Kinshasa),2018,,4.245,0.069,0.204,,0.197,,1.136,0.052,1,0,4.245
India,2018,,4.19,0.721,0.485,,0.172,,0.747,0.093,0,1,4.19
Niger,2018,,4.166,0.131,0.221,,0.175,,0.867,0.099,0,1,4.166
Uganda,2018,,4.161,0.322,0.237,,0.259,,1.09,0.061,0,1,4.161
Benin,2018,,4.141,0.378,0.24,,0.163,,0.372,0.067,1,0,4.141
Sudan,2018,,4.139,0.605,0.312,,0.134,,1.24,0.082,1,0,4.139
Ukraine,2018,,4.103,0.793,0.609,,0.187,,1.413,0.011,1,0,4.103
Togo,2018,,3.999,0.259,0.253,,0.158,,0.474,0.101,0,1,3.999
Guinea,2018,,3.964,0.344,0.211,,0.185,,0.792,0.094,1,0,3.964
Lesotho,2018,,3.808,0.472,0.079,,0.116,,1.215,0.112,0,1,3.808
Angola,2018,,3.795,0.73,0.269,,0.079,,1.125,0.061,1,0,3.795
Madagascar,2018,,3.774,0.262,0.402,,0.155,,0.908,0.049,1,0,3.774
Zimbabwe,2018,,3.692,0.357,0.248,,0.132,,1.094,0.099,0,1,3.692
Afghanistan,2018,,3.632,0.332,0.255,,0.191,,0.537,0.036,1,0,3.632
Botswana,2018,,3.59,1.017,0.417,,0.042,,1.174,0.092,0,1,3.59
Malawi,2018,,3.587,0.186,0.306,,0.21,,0.541,0.08,0,1,3.587
Haiti,2018,,3.582,0.315,0.289,,0.392,,0.714,0.104,1,0,3.582
Liberia,2018,,3.495,0.076,0.267,,0.206,,0.858,0.03,0,1,3.495
Syria,2018,,3.462,0.689,0.539,,0.376,,0.382,0.144,1,0,3.462
Rwanda,2018,,3.408,0.332,0.4,,0.2,,0.896,0.444,1,0,3.408
Yemen,2018,,3.355,0.442,0.343,,0.083,,1.073,0.064,1,0,3.355
Tanzania,2018,,3.303,0.455,0.381,,0.27,,0.991,0.097,0,1,3.303
South Sudan,2018,,3.254,0.337,0.177,,0.224,,0.608,0.106,1,0,3.254
Central African Republic,2018,,3.083,0.024,0.01,,0.218,,0.0,0.038,1,0,3.083
Burundi,2018,,2.905,0.091,0.145,,0.149,,0.627,0.076,0,1,2.905
Finland,2019,,7.769,1.34,0.986,,0.153,,1.587,0.393,0,1,7.769
Denmark,2019,,7.6,1.383,0.996,,0.252,,1.573,0.41,0,1,7.6
Norway,2019,,7.554,1.488,1.028,,0.271,,1.582,0.341,1,0,7.554
Iceland,2019,,7.494,1.38,1.026,,0.354,,1.624,0.118,1,0,7.494
Netherlands,2019,,7.488,1.396,0.999,,0.322,,1.522,0.298,1,0,7.488
Switzerland,2019,,7.48,1.452,1.052,,0.263,,1.526,0.343,1,0,7.48
Sweden,2019,,7.343,1.387,1.009,,0.267,,1.487,0.373,1,0,7.343
New Zealand,2019,,7.307,1.303,1.026,,0.33,,1.557,0.38,0,1,7.307
Canada,2019,,7.278,1.365,1.039,,0.285,,1.505,0.308,1,0,7.278
Austria,2019,,7.246,1.376,1.016,,0.244,,1.475,0.226,0,1,7.246
Australia,2019,,7.228,1.372,1.036,,0.332,,1.548,0.29,1,0,7.228
Costa Rica,2019,,7.167,1.034,0.963,,0.144,,1.441,0.093,1,0,7.167
Israel,2019,,7.139,1.276,1.029,,0.261,,1.455,0.082,1,0,7.139
Luxembourg,2019,,7.09,1.609,1.012,,0.194,,1.479,0.316,1,0,7.09
United Kingdom,2019,,7.054,1.333,0.996,,0.348,,1.538,0.278,0,1,7.054
Ireland,2019,,7.021,1.499,0.999,,0.298,,1.553,0.31,1,0,7.021
Germany,2019,,6.985,1.373,0.987,,0.261,,1.454,0.265,1,0,6.985
Belgium,2019,,6.923,1.356,0.986,,0.16,,1.504,0.21,0,1,6.923
United States,2019,,6.892,1.433,0.874,,0.28,,1.457,0.128,1,0,6.892
Czech Republic,2019,,6.852,1.269,0.92,,0.046,,1.487,0.036,1,0,6.852
United Arab Emirates,2019,,6.825,1.503,0.825,,0.262,,1.31,0.182,1,0,6.825
Malta,2019,,6.726,1.3,0.999,,0.375,,1.52,0.151,1,0,6.726
Mexico,2019,,6.595,1.07,0.861,,0.074,,1.323,0.073,1,0,6.595
France,2019,,6.592,1.324,1.045,,0.111,,1.472,0.183,0,1,6.592
Taiwan,2019,,6.446,1.368,0.914,,0.242,,1.43,0.097,0,1,6.446
Chile,2019,,6.444,1.159,0.92,,0.187,,1.369,0.056,0,1,6.444
Guatemala,2019,,6.436,0.8,0.746,,0.175,,1.269,0.078,1,0,6.436
Saudi Arabia,2019,,6.375,1.403,0.795,,0.08,,1.357,0.132,1,0,6.375
Qatar,2019,,6.374,1.684,0.871,,0.22,,1.313,0.167,0,1,6.374
Spain,2019,,6.354,1.286,1.062,,0.153,,1.484,0.079,1,0,6.354
Panama,2019,,6.321,1.149,0.91,,0.109,,1.442,0.054,1,0,6.321
Brazil,2019,,6.3,1.004,0.802,,0.099,,1.439,0.086,0,1,6.3
Uruguay,2019,,6.293,1.124,0.891,,0.127,,1.465,0.15,0,1,6.293
Singapore,2019,,6.262,1.572,1.141,,0.271,,1.463,0.453,1,0,6.262
El Salvador,2019,,6.253,0.794,0.789,,0.093,,1.242,0.074,1,0,6.253
Italy,2019,,6.223,1.294,1.039,,0.158,,1.488,0.03,1,0,6.223
Bahrain,2019,,6.199,1.362,0.871,,0.255,,1.368,0.11,1,0,6.199
Slovakia,2019,,6.198,1.246,0.881,,0.121,,1.504,0.014,1,0,6.198
Trinidad & Tobago,2019,,6.192,1.231,0.713,,0.185,,1.477,0.016,1,0,6.192
Poland,2019,,6.182,1.206,0.884,,0.117,,1.438,0.05,1,0,6.182
Uzbekistan,2019,,6.174,0.745,0.756,,0.322,,1.529,0.24,1,0,6.174
Lithuania,2019,,6.149,1.238,0.818,,0.043,,1.515,0.042,1,0,6.149
Colombia,2019,,6.125,0.985,0.841,,0.099,,1.41,0.034,1,0,6.125
Slovenia,2019,,6.118,1.258,0.953,,0.144,,1.523,0.057,1,0,6.118
Nicaragua,2019,,6.105,0.694,0.835,,0.2,,1.325,0.127,0,1,6.105
Kosovo,2019,,6.1,0.882,0.758,,0.262,,1.232,0.006,1,0,6.1
Argentina,2019,,6.086,1.092,0.881,,0.066,,1.432,0.05,0,1,6.086
Romania,2019,,6.07,1.162,0.825,,0.083,,1.232,0.005,0,1,6.07
Cyprus,2019,,6.046,1.263,1.042,,0.19,,1.223,0.041,1,0,6.046
Ecuador,2019,,6.028,0.912,0.868,,0.126,,1.312,0.087,0,1,6.028
Kuwait,2019,,6.021,1.5,0.808,,0.142,,1.319,0.097,1,0,6.021
Thailand,2019,,6.008,1.05,0.828,,0.359,,1.409,0.028,1,0,6.008
Latvia,2019,,5.94,1.187,0.812,,0.075,,1.465,0.064,1,0,5.94
South Korea,2019,,5.895,1.301,1.036,,0.175,,1.219,0.056,1,0,5.895
Estonia,2019,,5.893,1.237,0.874,,0.103,,1.528,0.161,0,1,5.893
Jamaica,2019,,5.89,0.831,0.831,,0.107,,1.478,0.028,1,0,5.89
Mauritius,2019,,5.888,1.12,0.798,,0.215,,1.402,0.06,1,0,5.888
Japan,2019,,5.886,1.327,1.088,,0.069,,1.419,0.14,0,1,5.886
Honduras,2019,,5.86,0.642,0.828,,0.246,,1.236,0.078,1,0,5.86
Kazakhstan,2019,,5.809,1.173,0.729,,0.146,,1.508,0.096,1,0,5.809
Bolivia,2019,,5.779,0.776,0.706,,0.137,,1.209,0.064,1,0,5.779
Hungary,2019,,5.758,1.201,0.828,,0.081,,1.41,0.02,1,0,5.758
Paraguay,2019,,5.743,0.855,0.777,,0.184,,1.475,0.08,1,0,5.743
Northern Cyprus,2019,,5.718,1.263,1.042,,0.191,,1.252,0.162,0,1,5.718
Peru,2019,,5.697,0.96,0.854,,0.083,,1.274,0.027,1,0,5.697
Portugal,2019,,5.693,1.221,0.999,,0.047,,1.431,0.025,1,0,5.693
Pakistan,2019,,5.653,0.677,0.535,,0.22,,0.886,0.098,1,0,5.653
Russia,2019,,5.648,1.183,0.726,,0.082,,1.452,0.031,1,0,5.648
Philippines,2019,,5.631,0.807,0.657,,0.117,,1.293,0.107,1,0,5.631
Serbia,2019,,5.603,1.004,0.854,,0.137,,1.383,0.039,1,0,5.603
Moldova,2019,,5.529,0.685,0.739,,0.181,,1.328,0.0,1,0,5.529
Libya,2019,,5.525,1.044,0.673,,0.133,,1.303,0.152,0,1,5.525
Montenegro,2019,,5.523,1.051,0.871,,0.142,,1.361,0.08,0,1,5.523
Tajikistan,2019,,5.467,0.493,0.718,,0.23,,1.098,0.144,1,0,5.467
Croatia,2019,,5.432,1.155,0.914,,0.119,,1.266,0.022,1,0,5.432
Hong Kong,2019,,5.43,1.438,1.122,,0.258,,1.277,0.287,1,0,5.43
Dominican Republic,2019,,5.425,1.015,0.779,,0.113,,1.401,0.101,1,0,5.425
Bosnia and Herzegovina,2019,,5.386,0.945,0.845,,0.263,,1.212,0.006,0,1,5.386
Turkey,2019,,5.373,1.183,0.808,,0.083,,1.36,0.106,0,1,5.373
Malaysia,2019,,5.339,1.221,0.828,,0.26,,1.171,0.024,1,0,5.339
Belarus,2019,,5.323,1.067,0.789,,0.094,,1.465,0.142,0,1,5.323
Greece,2019,,5.287,1.181,0.999,,0.0,,1.156,0.034,0,1,5.287
Mongolia,2019,,5.285,0.948,0.667,,0.235,,1.531,0.038,1,0,5.285
North Macedonia,2019,,5.274,0.983,0.838,,0.185,,1.294,0.034,1,0,5.274
Nigeria,2019,,5.265,0.696,0.245,,0.215,,1.111,0.041,1,0,5.265
Kyrgyzstan,2019,,5.261,0.551,0.723,,0.3,,1.438,0.023,0,1,5.261
Turkmenistan,2019,,5.247,1.052,0.657,,0.244,,1.538,0.028,1,0,5.247
Algeria,2019,,5.211,1.002,0.785,,0.073,,1.16,0.114,0,1,5.211
Morocco,2019,,5.208,0.801,0.782,,0.036,,0.782,0.076,1,0,5.208
Azerbaijan,2019,,5.208,1.043,0.769,,0.035,,1.147,0.182,1,0,5.208
Lebanon,2019,,5.197,0.987,0.815,,0.166,,1.224,0.027,1,0,5.197
Indonesia,2019,,5.192,0.931,0.66,,0.498,,1.203,0.028,1,0,5.192
China,2019,,5.191,1.029,0.893,,0.058,,1.125,0.1,1,0,5.191
Vietnam,2019,,5.175,0.741,0.851,,0.147,,1.346,0.073,0,1,5.175
Bhutan,2019,,5.082,0.813,0.604,,0.37,,1.321,0.167,1,0,5.082
Cameroon,2019,,5.044,0.549,0.331,,0.187,,0.91,0.037,1,0,5.044
Bulgaria,2019,,5.011,1.092,0.815,,0.081,,1.513,0.004,1,0,5.011
Ghana,2019,,4.996,0.611,0.486,,0.245,,0.868,0.04,1,0,4.996
Ivory Coast,2019,,4.944,0.569,0.232,,0.154,,0.808,0.09,0,1,4.944
Nepal,2019,,4.913,0.446,0.677,,0.285,,1.226,0.089,1,0,4.913
Jordan,2019,,4.906,0.837,0.815,,0.11,,1.225,0.13,1,0,4.906
Benin,2019,,4.883,0.393,0.397,,0.175,,0.437,0.082,0,1,4.883
Congo (Brazzaville),2019,,4.812,0.673,0.508,,0.105,,0.799,0.093,1,0,4.812
Gabon,2019,,4.799,1.057,0.571,,0.043,,1.183,0.055,1,0,4.799
Laos,2019,,4.796,0.764,0.551,,0.266,,1.03,0.164,1,0,4.796
South Africa,2019,,4.722,0.96,0.469,,0.13,,1.351,0.055,1,0,4.722
Albania,2019,,4.719,0.947,0.874,,0.178,,0.848,0.027,0,1,4.719
Venezuela,2019,,4.707,0.96,0.805,,0.064,,1.427,0.047,0,1,4.707
Cambodia,2019,,4.7,0.574,0.637,,0.232,,1.122,0.062,0,1,4.7
Palestinian Territories,2019,,4.696,0.657,0.672,,0.103,,1.247,0.066,1,0,4.696
Senegal,2019,,4.681,0.45,0.571,,0.153,,1.134,0.072,1,0,4.681
Somalia,2019,,4.668,0.0,0.268,,0.243,,0.698,0.27,1,0,4.668
Namibia,2019,,4.639,0.879,0.477,,0.07,,1.313,0.056,0,1,4.639
Niger,2019,,4.628,0.138,0.366,,0.188,,0.774,0.102,1,0,4.628
Burkina Faso,2019,,4.587,0.331,0.38,,0.177,,1.056,0.113,1,0,4.587
Armenia,2019,,4.559,0.85,0.815,,0.095,,1.055,0.064,0,1,4.559
Iran,2019,,4.548,1.1,0.785,,0.27,,0.842,0.125,1,0,4.548
Guinea,2019,,4.534,0.38,0.375,,0.207,,0.829,0.086,1,0,4.534
Georgia,2019,,4.519,0.886,0.752,,0.043,,0.666,0.164,0,1,4.519
Gambia,2019,,4.516,0.308,0.428,,0.269,,0.939,0.167,1,0,4.516
Kenya,2019,,4.509,0.512,0.581,,0.372,,0.983,0.053,1,0,4.509
Mauritania,2019,,4.49,0.57,0.489,,0.106,,1.167,0.088,1,0,4.49
Mozambique,2019,,4.466,0.204,0.39,,0.197,,0.986,0.138,0,1,4.466
Tunisia,2019,,4.461,0.921,0.815,,0.059,,1.0,0.055,1,0,4.461
Bangladesh,2019,,4.456,0.562,0.723,,0.166,,0.928,0.143,0,1,4.456
Iraq,2019,,4.437,1.043,0.574,,0.148,,0.98,0.089,1,0,4.437
Congo (Kinshasa),2019,,4.418,0.094,0.357,,0.212,,1.125,0.053,1,0,4.418
Mali,2019,,4.39,0.385,0.308,,0.153,,1.105,0.052,1,0,4.39
Sierra Leone,2019,,4.374,0.268,0.242,,0.252,,0.841,0.045,1,0,4.374
Sri Lanka,2019,,4.366,0.949,0.831,,0.244,,1.265,0.047,1,0,4.366
Myanmar,2019,,4.36,0.71,0.555,,0.566,,1.181,0.172,1,0,4.36
Chad,2019,,4.35,0.35,0.192,,0.198,,0.766,0.078,1,0,4.35
Ukraine,2019,,4.332,0.82,0.739,,0.187,,1.39,0.01,1,0,4.332
Ethiopia,2019,,4.286,0.336,0.532,,0.209,,1.033,0.1,1,0,4.286
Swaziland,2019,,4.212,0.811,0.0,,0.074,,1.149,0.135,1,0,4.212
Uganda,2019,,4.189,0.332,0.443,,0.252,,1.069,0.06,1,0,4.189
Egypt,2019,,4.166,0.913,0.644,,0.076,,1.039,0.067,0,1,4.166
Zambia,2019,,4.107,0.578,0.426,,0.247,,1.058,0.087,1,0,4.107
Togo,2019,,4.085,0.275,0.41,,0.177,,0.572,0.085,1,0,4.085
India,2019,,4.015,0.755,0.588,,0.2,,0.765,0.085,1,0,4.015
Liberia,2019,,3.975,0.073,0.443,,0.233,,0.922,0.033,1,0,3.975
Comoros,2019,,3.973,0.274,0.505,,0.275,,0.757,0.078,1,0,3.973
Madagascar,2019,,3.933,0.274,0.555,,0.169,,0.916,0.041,0,1,3.933
Lesotho,2019,,3.802,0.489,0.168,,0.107,,1.169,0.093,1,0,3.802
Burundi,2019,,3.775,0.046,0.38,,0.176,,0.447,0.18,1,0,3.775
Zimbabwe,2019,,3.663,0.366,0.433,,0.151,,1.114,0.089,1,0,3.663
Haiti,2019,,3.597,0.323,0.449,,0.419,,0.688,0.11,0,1,3.597
Botswana,2019,,3.488,1.041,0.538,,0.025,,1.145,0.1,1,0,3.488
Syria,2019,,3.462,0.619,0.44,,0.331,,0.378,0.141,0,1,3.462
Malawi,2019,,3.41,0.191,0.495,,0.218,,0.56,0.089,1,0,3.41
Yemen,2019,,3.38,0.287,0.463,,0.108,,1.163,0.077,1,0,3.38
Rwanda,2019,,3.334,0.359,0.614,,0.217,,0.711,0.411,0,1,3.334
Tanzania,2019,,3.231,0.476,0.499,,0.276,,0.885,0.147,0,1,3.231
Afghanistan,2019,,3.203,0.35,0.361,,0.158,,0.517,0.025,1,0,3.203
Central African Republic,2019,,3.083,0.026,0.105,,0.235,,0.0,0.035,0,1,3.083
South Sudan,2019,,2.853,0.306,0.295,,0.202,,0.575,0.091,1,0,2.853
